Column 1 (objID),Column 1 http://purl.org/dc/dcmitype/Collection,Column 1 http://purl.org/dc/elements/1.1/creator,Column 1 http://purl.org/dc/elements/1.1/date,Column 1 http://purl.org/dc/elements/1.1/description,Column 1 http://purl.org/dc/elements/1.1/format,Column 1 http://purl.org/dc/elements/1.1/publisher,Column 1 http://purl.org/dc/elements/1.1/source,Column 1 http://purl.org/dc/elements/1.1/subject,Column 1 http://purl.org/dc/elements/1.1/title,Column 1 http://purl.org/dc/elements/1.1/type,Column 1 http://schema.org/contentLocation,Column 1 http://schema.org/endDate,Column 1 http://schema.org/startDate,Column 1 http://schema.org/temporal,Column 1 http://schema.org/thumbnail,Column 2 (objID),Column 2 http://schema.org/latitude,Column 2 http://schema.org/longitude,Column 2 http://schema.org/name,Column 2 https://data.niod.nl/oorlogslevensIdentifier
https://hdl.handle.net/21.12156/939374,Collectie Spoorwegmuseum,Nederlandse Spoorwegen,,"Op bruin papier geplakte afbeelding in zwart-wit met als voorstelling het interieur van de Wachtkamer 3e klasse van station Hoorn, zoals zoals deze er in 1941 uit zag met langs de wanden houten lambrisering en daarvoor banken zonder leuning. Links tussen de deuren een bord waarop de vertraging van de trein aangegeven kan worden. Rechts enkele affiches waaronder een van de 'Winterhulp' en een van de 'Veemarkt 's-Hertogenbosch, iedere woensdag'. In het midden een tafel met daaraan personeel en reizigers.",fotopapier,Spoorwegmuseum,https://hdl.handle.net/21.12156/939374,,"Hoorn, Wachtkamer 3e klasse",foto,Hoorn,,,,https://SWM.hosting.deventit.net/HttpHandler/icoon.ico?file=939420,https://www.oorlogslevens.nl/location/Veemarkt/122/Q15883324,52.64339006,5.05434743,Veemarkt,Veemarkt/122/Q15883324
https://hdl.handle.net/21.12114/48E4EFC7B7844B1B8A9D31E837DF8076,,J.D. (Jan Dirk) Osinga,1940,Oosterpoort Hoorn,,Westfries Archief,https://hdl.handle.net/21.12114/48E4EFC7B7844B1B8A9D31E837DF8076,,Oosterpoort,"foto, negatief",Hoorn,,,,https://proxy.archieven.nl/thumb/136/48E4EFC7B7844B1B8A9D31E837DF8076,https://www.oorlogslevens.nl/location/Oosterpoort/122/Q19395690,52.6411,5.0687,Oosterpoort,Oosterpoort/122/Q19395690
https://hdl.handle.net/21.12114/A4D6814F53104F30AF4A4BBE47B2F1B6,,J.D. (Jan Dirk) Osinga,1944,Kleine Noord 7-9,,Westfries Archief,https://hdl.handle.net/21.12114/A4D6814F53104F30AF4A4BBE47B2F1B6,,Drukkerij West-Friesland,"foto, negatief",Hoorn,,,,https://proxy.archieven.nl/thumb/136/A4D6814F53104F30AF4A4BBE47B2F1B6,https://www.oorlogslevens.nl/location/Kleine-Noord/122/Q7478398,52.64330663,5.05319452,Kleine Noord,Kleine-Noord/122/Q7478398
https://hdl.handle.net/21.12114/D2BF0D61605242398A2882F82946E24D,,J.D. (Jan Dirk) Osinga,1941,De kist wordt van het huis van de overledene in de Venenlaan naar een rouwwagen gedragen.,,Westfries Archief,https://hdl.handle.net/21.12114/D2BF0D61605242398A2882F82946E24D,,Begrafenis Hendrik Volger,"foto, negatief","Hoorn, Venenlaan",,,,https://proxy.archieven.nl/thumb/136/D2BF0D61605242398A2882F82946E24D,https://www.oorlogslevens.nl/location/Venenlaan/122/Q19632528,52.6429,5.0683,Venenlaan,Venenlaan/122/Q19632528
https://hdl.handle.net/21.12114/3C6091E79E9D4E148162227BAB4A6954,,J.D. (Jan Dirk) Osinga,,Orts-Kommandantur aan het Grote Oost 6 in Hoorn,,Westfries Archief,https://hdl.handle.net/21.12114/3C6091E79E9D4E148162227BAB4A6954,,Kantoor Orts-Kommandantur Hoorn,"foto, negatief","Hoorn, Grote Oost 6",,,,https://proxy.archieven.nl/thumb/136/3C6091E79E9D4E148162227BAB4A6954,https://www.oorlogslevens.nl/location/Grote-Oost/122/Q2163540,52.639958,5.063731,Grote Oost,Grote-Oost/122/Q2163540
https://hdl.handle.net/21.12114/EEC5EE3A5F5644118A7573ABCA6665BB,,J.D. (Jan Dirk) Osinga,1941,Rouwauto voor het huis van de overledene in de Venenlaan.,,Westfries Archief,https://hdl.handle.net/21.12114/EEC5EE3A5F5644118A7573ABCA6665BB,,Begrafenis Hendrik Volger,"foto, negatief",Hoorn,,,,https://proxy.archieven.nl/thumb/136/EEC5EE3A5F5644118A7573ABCA6665BB,https://www.oorlogslevens.nl/location/Venenlaan/122/Q19632528,52.6429,5.0683,Venenlaan,Venenlaan/122/Q19632528
https://hdl.handle.net/21.12114/9A63123AA9B04D83B0F71B4EE47CF2B9,,J.D. (Jan Dirk) Osinga,,Op de achtergrond de Draafsingel.,,Westfries Archief,https://hdl.handle.net/21.12114/9A63123AA9B04D83B0F71B4EE47CF2B9,,Bevrijdingsoptocht Pakhuisstraat,"foto, negatief","Hoorn, Pakhuisstraat",,,augustus-september 1945,https://proxy.archieven.nl/thumb/136/9A63123AA9B04D83B0F71B4EE47CF2B9,https://www.oorlogslevens.nl/location/Draafsingel/122/Q2413404,52.6424,5.0667,Draafsingel,Draafsingel/122/Q2413404
https://hdl.handle.net/21.12114/A0E220DFBB19439EB533DFA15D6D0EBA,,J.D. (Jan Dirk) Osinga,,Vleugelrestanten met rubber brandstoftanks achter de Tweeboomlaan. Op 7 juli 1944 om 8 uur 's ochtends kwamen twee Amerikaanse B17 G bommenwerpers van de 390th Bomb Group H met elkaar in botsing boven Hoorn.,,Westfries Archief,https://hdl.handle.net/21.12114/A0E220DFBB19439EB533DFA15D6D0EBA,,Vliegtuigvleugel achter de Tweeboomlaan,"foto, negatief",Hoorn,,,7 juli 1944,https://proxy.archieven.nl/thumb/136/A0E220DFBB19439EB533DFA15D6D0EBA,https://www.oorlogslevens.nl/location/Tweeboomlaan/122/Q19574932,52.6484,5.0592,Tweeboomlaan,Tweeboomlaan/122/Q19574932
https://hdl.handle.net/21.12114/C550F0D3C65D4290863F65229D2B4E49,,J.D. (Jan Dirk) Osinga,,Rechts het Houten Hoofd ontdaan van het loopdek i.v.m. brandstofschaarste.,,Westfries Archief,https://hdl.handle.net/21.12114/C550F0D3C65D4290863F65229D2B4E49,,Duits patroullevaartuig verlaat de Hoornse haven,"foto, negatief","Hoorn, Buitenhaven",,,ca. 1945,https://proxy.archieven.nl/thumb/136/C550F0D3C65D4290863F65229D2B4E49,https://www.oorlogslevens.nl/location/Hoofd/122/Q19254880,52.6369,5.0629,Hoofd,Hoofd/122/Q19254880
https://hdl.handle.net/21.12114/EE69F9C8BE194A369A97E6D1F2D494FC,,J.D. (Jan Dirk) Osinga,1945,In het midden Ab Vortman en Henk Kleipoel (commandant van de Hoornse KP). Het illegale blad Vrij Nederland vestigde zich tijdens de bevrijding in het pand Grote Noord 107.,,Westfries Archief,https://hdl.handle.net/21.12114/EE69F9C8BE194A369A97E6D1F2D494FC,,"Pand van ""Vrij Nederland""","foto, negatief","Hoorn, Grote Noord 107",,,,https://proxy.archieven.nl/thumb/136/EE69F9C8BE194A369A97E6D1F2D494FC,https://www.oorlogslevens.nl/location/Grote-Noord/122/Q2492309,52.64095889,5.05673697,Grote Noord,Grote-Noord/122/Q2492309
https://hdl.handle.net/21.12114/1EA5E07BA43C46F08DFC318AF211BC19,,J.D. (Jan Dirk) Osinga,1940,Trouwzaal stadhuis Nieuwstraat.,,Westfries Archief,https://hdl.handle.net/21.12114/1EA5E07BA43C46F08DFC318AF211BC19,,Burgerlijk huwelijk Soutendijk-Timmer,"foto, negatief","Hoorn, Nieuwstraat 23",,,,https://proxy.archieven.nl/thumb/136/1EA5E07BA43C46F08DFC318AF211BC19,https://www.oorlogslevens.nl/location/Nieuwstraat/122/Q19355971,52.6411,5.0599,Nieuwstraat,Nieuwstraat/122/Q19355971
https://hdl.handle.net/21.12114/83B9CB3E1C90415AA3884553E7843CA0,,J.D. (Jan Dirk) Osinga,1945,"Praalwagen met jeugd in de Pakhuisstraat ""Wij vragen een speeltuin"".",,Westfries Archief,https://hdl.handle.net/21.12114/83B9CB3E1C90415AA3884553E7843CA0,,Bevrijdingsoptocht op de Pakhuisstraat,"foto, negatief",Hoorn,,,,https://proxy.archieven.nl/thumb/136/83B9CB3E1C90415AA3884553E7843CA0,https://www.oorlogslevens.nl/location/Pakhuisstraat/122/Q19404707,52.6426,5.063,Pakhuisstraat,Pakhuisstraat/122/Q19404707
https://hdl.handle.net/21.12114/153B077FDAC54FC9A6D552AD36A69E7D,,J.D. (Jan Dirk) Osinga,1942,Ouders en twee kinderen zitten op een bankje voor de Parkzaal op de Westerdijk,,Westfries Archief,https://hdl.handle.net/21.12114/153B077FDAC54FC9A6D552AD36A69E7D,,Gezin Jonkman,"foto, negatief",Hoorn,,,,https://proxy.archieven.nl/thumb/136/153B077FDAC54FC9A6D552AD36A69E7D,https://www.oorlogslevens.nl/location/Westerdijk/122/Q19649997,52.6408,5.0547,Westerdijk,Westerdijk/122/Q19649997
https://hdl.handle.net/21.12114/D531DA6DEB2B484F91B3A1E741A6F21A,,J.D. (Jan Dirk) Osinga,1945,"Praalwagen, op de achtergrond de Draafsingel",,Westfries Archief,https://hdl.handle.net/21.12114/D531DA6DEB2B484F91B3A1E741A6F21A,,Bevrijdingsoptocht in de Pakhuisstraat,"foto, negatief","Hoorn, Pakhuisstraat",,,,https://proxy.archieven.nl/thumb/136/D531DA6DEB2B484F91B3A1E741A6F21A,https://www.oorlogslevens.nl/location/Draafsingel/122/Q2413404,52.6424,5.0667,Draafsingel,Draafsingel/122/Q2413404
https://hdl.handle.net/21.12114/6A4002D6884B44B48810DB1A8F014362,,J.D. (Jan Dirk) Osinga,,Grote Noord,,Westfries Archief,https://hdl.handle.net/21.12114/6A4002D6884B44B48810DB1A8F014362,,Etalage winkel van Brüggeman,"foto, negatief","Hoorn, Grote Noord 49-51",,,1965?,https://proxy.archieven.nl/thumb/136/6A4002D6884B44B48810DB1A8F014362,https://www.oorlogslevens.nl/location/Grote-Noord/122/Q2492309,52.64095889,5.05673697,Grote Noord,Grote-Noord/122/Q2492309
https://hdl.handle.net/21.12114/C612A09B2C5E45A484C712163793A0D5,,J.D. (Jan Dirk) Osinga,1941,Familieleden van het bruidspaar stappen in een gereed staande auto voor het stadhuis in de Nieuwstraat.,,Westfries Archief,https://hdl.handle.net/21.12114/C612A09B2C5E45A484C712163793A0D5,,Trouwdag echtpaar Krijger,"foto, negatief",Hoorn,,,,https://proxy.archieven.nl/thumb/136/C612A09B2C5E45A484C712163793A0D5,https://www.oorlogslevens.nl/location/Nieuwstraat/122/Q19355971,52.6411,5.0599,Nieuwstraat,Nieuwstraat/122/Q19355971
https://hdl.handle.net/21.12114/01F8E20BF98D48DEB51C6A2168CF9036,,J.D. (Jan Dirk) Osinga,,Optocht aan het begin van het Grote Oost met praalwagen van de buurtvereniging uit de Muntstraat.,,Westfries Archief,https://hdl.handle.net/21.12114/01F8E20BF98D48DEB51C6A2168CF9036,,Bevrijdingsoptocht,"foto, negatief","Hoorn, Grote Oost",,,augustus-september 1945,https://proxy.archieven.nl/thumb/136/01F8E20BF98D48DEB51C6A2168CF9036,https://www.oorlogslevens.nl/location/Grote-Oost/122/Q2163540,52.639958,5.063731,Grote Oost,Grote-Oost/122/Q2163540
https://hdl.handle.net/21.12114/01F8E20BF98D48DEB51C6A2168CF9036,,J.D. (Jan Dirk) Osinga,,Optocht aan het begin van het Grote Oost met praalwagen van de buurtvereniging uit de Muntstraat.,,Westfries Archief,https://hdl.handle.net/21.12114/01F8E20BF98D48DEB51C6A2168CF9036,,Bevrijdingsoptocht,"foto, negatief","Hoorn, Grote Oost",,,augustus-september 1945,https://proxy.archieven.nl/thumb/136/01F8E20BF98D48DEB51C6A2168CF9036,https://www.oorlogslevens.nl/location/Muntstraat/122/Q19351956,52.6416,5.061,Muntstraat,Muntstraat/122/Q19351956
https://hdl.handle.net/21.12114/8DDD5277B98248459B0716B96696BBEA,,J.D. (Jan Dirk) Osinga,1940,Twee vrouwen en een meisje staan in de toegangspoort tot het stadhuis aan de Nieuwstraat,,Westfries Archief,https://hdl.handle.net/21.12114/8DDD5277B98248459B0716B96696BBEA,,Trouwdag echtpaar Soutendijk-Timmer,"foto, negatief",Hoorn,,,,https://proxy.archieven.nl/thumb/136/8DDD5277B98248459B0716B96696BBEA,https://www.oorlogslevens.nl/location/Nieuwstraat/122/Q19355971,52.6411,5.0599,Nieuwstraat,Nieuwstraat/122/Q19355971
https://hdl.handle.net/21.12114/822F2ADEAF0A4A20A6744CA2C59C6329,,J.D. (Jan Dirk) Osinga,,De feestelijke versiering op het Pelmolenpad.,,Westfries Archief,https://hdl.handle.net/21.12114/822F2ADEAF0A4A20A6744CA2C59C6329,,Erepoort Pelmolenpad,"foto, negatief",Hoorn,,,mei 1945,https://proxy.archieven.nl/thumb/136/822F2ADEAF0A4A20A6744CA2C59C6329,https://www.oorlogslevens.nl/location/Pelmolenpad/122/Q19409886,52.6447,5.0499,Pelmolenpad,Pelmolenpad/122/Q19409886
https://hdl.handle.net/21.12114/1AC04BE63AD44084A0C732209102459C,,J.D. (Jan Dirk) Osinga,1941,Dragers met de kist bij de ingang van de begraafplaats aan het Keern.,,Westfries Archief,https://hdl.handle.net/21.12114/1AC04BE63AD44084A0C732209102459C,,Begrafenis Hendrik Volger,"foto, negatief",Hoorn,,,,https://proxy.archieven.nl/thumb/136/1AC04BE63AD44084A0C732209102459C,https://www.oorlogslevens.nl/location/Keern/122/Q19292986,52.646,5.0487,Keern,Keern/122/Q19292986
https://hdl.handle.net/21.12114/1AC04BE63AD44084A0C732209102459C,,J.D. (Jan Dirk) Osinga,1941,Dragers met de kist bij de ingang van de begraafplaats aan het Keern.,,Westfries Archief,https://hdl.handle.net/21.12114/1AC04BE63AD44084A0C732209102459C,,Begrafenis Hendrik Volger,"foto, negatief",Hoorn,,,,https://proxy.archieven.nl/thumb/136/1AC04BE63AD44084A0C732209102459C,https://www.oorlogslevens.nl/location/Keern/122/Q19292989,52.6624,5.0414,Keern,Keern/122/Q19292989
https://hdl.handle.net/21.12114/25F930FEBF43409CB859AF3CF6EA1591,,J.D. (Jan Dirk) Osinga,,Op de achtergrond de Draafsingel.,,Westfries Archief,https://hdl.handle.net/21.12114/25F930FEBF43409CB859AF3CF6EA1591,,"Bevrijdingsoptocht in de Pakhuisstraat, met imitatie ""gouden koets""","foto, negatief",Hoorn,,,augustus-september 1945,https://proxy.archieven.nl/thumb/136/25F930FEBF43409CB859AF3CF6EA1591,https://www.oorlogslevens.nl/location/Draafsingel/122/Q2413404,52.6424,5.0667,Draafsingel,Draafsingel/122/Q2413404
https://hdl.handle.net/21.12114/6A83988F35814545A5EFB1742A2D9F3D,,J.D. (Jan Dirk) Osinga,1940,"Oosterpoort richting Kleine Noord, met uitzicht op de kistenfabriek van Halbertsma.",,Westfries Archief,https://hdl.handle.net/21.12114/6A83988F35814545A5EFB1742A2D9F3D,,Oosterpoort,"foto, negatief","Hoorn, Oosterpoort",,,,https://proxy.archieven.nl/thumb/136/6A83988F35814545A5EFB1742A2D9F3D,https://www.oorlogslevens.nl/location/Kleine-Noord/122/Q7478398,52.64330663,5.05319452,Kleine Noord,Kleine-Noord/122/Q7478398
https://hdl.handle.net/21.12114/6A83988F35814545A5EFB1742A2D9F3D,,J.D. (Jan Dirk) Osinga,1940,"Oosterpoort richting Kleine Noord, met uitzicht op de kistenfabriek van Halbertsma.",,Westfries Archief,https://hdl.handle.net/21.12114/6A83988F35814545A5EFB1742A2D9F3D,,Oosterpoort,"foto, negatief","Hoorn, Oosterpoort",,,,https://proxy.archieven.nl/thumb/136/6A83988F35814545A5EFB1742A2D9F3D,https://www.oorlogslevens.nl/location/Oosterpoort/122/Q19395690,52.6411,5.0687,Oosterpoort,Oosterpoort/122/Q19395690
https://hdl.handle.net/21.12114/692250FD0D744735A8B6BA70EF31230C,,J.D. (Jan Dirk) Osinga,1945,"Parachutes in de boomgaard van Arie Galis. Op het droppingsveld ""Oliver"" in Zwaagdijk achter de boerderij (Zwaagdijk 265) werden circa 200 wapencontainers gedropt.",,Westfries Archief,https://hdl.handle.net/21.12114/692250FD0D744735A8B6BA70EF31230C,,Boomgaard bij de boerderij van Arie Galis,"foto, negatief",Zwaagdijk 265,,,,https://proxy.archieven.nl/thumb/136/692250FD0D744735A8B6BA70EF31230C,https://www.oorlogslevens.nl/location/Zwaagdijk/122/Q18959187,52.6703,5.0438,Zwaagdijk,Zwaagdijk/122/Q18959187
https://hdl.handle.net/21.12114/6084D9ACF35749588A5E5A570751F22E,,J.D. (Jan Dirk) Osinga,1941,Omstanders bij het graf op de begraafplaats aan het Keern.,,Westfries Archief,https://hdl.handle.net/21.12114/6084D9ACF35749588A5E5A570751F22E,,Begrafenis Hendrik Volger,"foto, negatief",Hoorn,,,,https://proxy.archieven.nl/thumb/136/6084D9ACF35749588A5E5A570751F22E,https://www.oorlogslevens.nl/location/Keern/122/Q19292986,52.646,5.0487,Keern,Keern/122/Q19292986
https://hdl.handle.net/21.12114/6084D9ACF35749588A5E5A570751F22E,,J.D. (Jan Dirk) Osinga,1941,Omstanders bij het graf op de begraafplaats aan het Keern.,,Westfries Archief,https://hdl.handle.net/21.12114/6084D9ACF35749588A5E5A570751F22E,,Begrafenis Hendrik Volger,"foto, negatief",Hoorn,,,,https://proxy.archieven.nl/thumb/136/6084D9ACF35749588A5E5A570751F22E,https://www.oorlogslevens.nl/location/Keern/122/Q19292989,52.6624,5.0414,Keern,Keern/122/Q19292989
https://hdl.handle.net/21.12114/D24E6C98B58B424ABC11DCCE94E01BA5,,J.D. (Jan Dirk) Osinga,,Bloemenzee Kerkplein op 6 mei 1945,,Westfries Archief,https://hdl.handle.net/21.12114/D24E6C98B58B424ABC11DCCE94E01BA5,,Executieplaats Kerkplein,"foto, negatief","Hoorn, Kerkplein",,,6 mei 1945,https://proxy.archieven.nl/thumb/136/D24E6C98B58B424ABC11DCCE94E01BA5,https://www.oorlogslevens.nl/location/Kerkplein/122/Q19294746,52.640396,5.059869,Kerkplein,Kerkplein/122/Q19294746
https://hdl.handle.net/21.12114/2D7F835AF4444994B79845786B7B6FEC,,J.D. (Jan Dirk) Osinga,,Drieboomlaan,,Westfries Archief,https://hdl.handle.net/21.12114/2D7F835AF4444994B79845786B7B6FEC,,Arrestatie NSB-ers,"foto, negatief",Hoorn,,,Mei 1945,https://proxy.archieven.nl/thumb/136/2D7F835AF4444994B79845786B7B6FEC,https://www.oorlogslevens.nl/location/Drieboomlaan/122/Q19054025,52.6462,5.0602,Drieboomlaan,Drieboomlaan/122/Q19054025
https://hdl.handle.net/21.12114/C95A50ACD9024542810950D1D4B33195,,J.D. (Jan Dirk) Osinga,1945,Begin van de Nieuweweg nu Provincialeweg. Op de achtergrond de watertoren. De weg was afgesloten voor de Duitse militairen.,,Westfries Archief,https://hdl.handle.net/21.12114/C95A50ACD9024542810950D1D4B33195,,Nieuweweg,"foto, negatief","Hoorn, Nieuweweg",,,,https://proxy.archieven.nl/thumb/136/C95A50ACD9024542810950D1D4B33195,https://www.oorlogslevens.nl/location/Provincialeweg/122/Q19442478,52.6448,5.0902,Provincialeweg,Provincialeweg/122/Q19442478
https://hdl.handle.net/21.12114/2A67CEFAD66B4A34813FD983E282873E,,J.D. (Jan Dirk) Osinga,1945,Postbode Piet Vollenga kijkt naar de vlag die vanuit het stadhuis aan de Nieuwstraat wordt uitgestoken. Links twee fietsende Duitse militairen. Piet Vollenga rijdt op een fiets zonder banden.,,Westfries Archief,https://hdl.handle.net/21.12114/2A67CEFAD66B4A34813FD983E282873E,,Drukte in de Nieuwstraat na de bevrijding,"foto, negatief",Hoorn,,,,https://proxy.archieven.nl/thumb/136/2A67CEFAD66B4A34813FD983E282873E,https://www.oorlogslevens.nl/location/Nieuwstraat/122/Q19355971,52.6411,5.0599,Nieuwstraat,Nieuwstraat/122/Q19355971
https://hdl.handle.net/21.12114/C4852446E7964FF4A928343657C3B094,,J.D. (Jan Dirk) Osinga,1945,Praalwagen in de vorm van de Gouden koets. Op de achtergrond de Draafsingel.,,Westfries Archief,https://hdl.handle.net/21.12114/C4852446E7964FF4A928343657C3B094,,Bevrijdingsoptocht in de Pakhuisstraat,"foto, negatief",Hoorn,,,,https://proxy.archieven.nl/thumb/136/C4852446E7964FF4A928343657C3B094,https://www.oorlogslevens.nl/location/Draafsingel/122/Q2413404,52.6424,5.0667,Draafsingel,Draafsingel/122/Q2413404
https://hdl.handle.net/21.12114/3C10C37BE9C941AC99EE70FD1D79746B,,J.D. (Jan Dirk) Osinga,1942,Kamer van Koophandel was gevestigd aan het Grote Oost 55.,,Westfries Archief,https://hdl.handle.net/21.12114/3C10C37BE9C941AC99EE70FD1D79746B,,Kamer van Koophandel Hoorn,"foto, negatief",Hoorn,,,,https://proxy.archieven.nl/thumb/136/3C10C37BE9C941AC99EE70FD1D79746B,https://www.oorlogslevens.nl/location/Grote-Oost/122/Q2163540,52.639958,5.063731,Grote Oost,Grote-Oost/122/Q2163540
https://hdl.handle.net/21.12114/5EE5E8BD860948CCB4935782FB0DE02B,,J.D. (Jan Dirk) Osinga,,Het meisjesgilde op de Roode Steen. Op de achtergrond het Wilson theater.,,Westfries Archief,https://hdl.handle.net/21.12114/5EE5E8BD860948CCB4935782FB0DE02B,,Bevrijdingsfeesten Rode Steen,"foto, negatief",Hoorn,,,augustus-september1945.,https://proxy.archieven.nl/thumb/136/5EE5E8BD860948CCB4935782FB0DE02B,https://www.oorlogslevens.nl/location/Roode-Steen/122/Q5145509,52.639232,5.059282,Roode Steen,Roode-Steen/122/Q5145509
https://hdl.handle.net/21.12114/C13DB2A6A2524B1DBF6E7C1D06B81EDA,,J.D. (Jan Dirk) Osinga,1941,Dragers met de kist op de begraafplaats aan het Keern.,,Westfries Archief,https://hdl.handle.net/21.12114/C13DB2A6A2524B1DBF6E7C1D06B81EDA,,Begrafenis Hendrik Volger,"foto, negatief",Hoorn,,,,https://proxy.archieven.nl/thumb/136/C13DB2A6A2524B1DBF6E7C1D06B81EDA,https://www.oorlogslevens.nl/location/Keern/122/Q19292986,52.646,5.0487,Keern,Keern/122/Q19292986
https://hdl.handle.net/21.12114/C13DB2A6A2524B1DBF6E7C1D06B81EDA,,J.D. (Jan Dirk) Osinga,1941,Dragers met de kist op de begraafplaats aan het Keern.,,Westfries Archief,https://hdl.handle.net/21.12114/C13DB2A6A2524B1DBF6E7C1D06B81EDA,,Begrafenis Hendrik Volger,"foto, negatief",Hoorn,,,,https://proxy.archieven.nl/thumb/136/C13DB2A6A2524B1DBF6E7C1D06B81EDA,https://www.oorlogslevens.nl/location/Keern/122/Q19292989,52.6624,5.0414,Keern,Keern/122/Q19292989
https://hdl.handle.net/21.12114/D55827446D654D15BE2D809CBCB47397,,J.D. (Jan Dirk) Osinga,1941,Familieleden van het bruidspaar lopen het stadhuis aan de Nieuwstraat binnen,,Westfries Archief,https://hdl.handle.net/21.12114/D55827446D654D15BE2D809CBCB47397,,Trouwdag echtpaar Krijger,"foto, negatief",Hoorn,,,,https://proxy.archieven.nl/thumb/136/D55827446D654D15BE2D809CBCB47397,https://www.oorlogslevens.nl/location/Nieuwstraat/122/Q19355971,52.6411,5.0599,Nieuwstraat,Nieuwstraat/122/Q19355971
https://hdl.handle.net/21.12114/4CD2D7A9E86248B8B6E07268C7DDD1F5,,J.D. (Jan Dirk) Osinga,1942,Kamer van Koophandel was gevestigd aan het Grote Oost 55.,,Westfries Archief,https://hdl.handle.net/21.12114/4CD2D7A9E86248B8B6E07268C7DDD1F5,,Kamer van Koophandel Hoorn,"foto, negatief",Hoorn,,,,https://proxy.archieven.nl/thumb/136/4CD2D7A9E86248B8B6E07268C7DDD1F5,https://www.oorlogslevens.nl/location/Grote-Oost/122/Q2163540,52.639958,5.063731,Grote Oost,Grote-Oost/122/Q2163540
https://hdl.handle.net/21.12114/847AA6748B724DFA8B34A76E96EEEFEE,,J.D. (Jan Dirk) Osinga,1945,"De Gouw, hoek Nieuwsteeg, rechts de winkel van Botman en links S. I. de Vries",,Westfries Archief,https://hdl.handle.net/21.12114/847AA6748B724DFA8B34A76E96EEEFEE,,Bevrijdingsoptocht met een praalwagen van het Rode Kruis,"foto, negatief",Hoorn,,,,https://proxy.archieven.nl/thumb/136/847AA6748B724DFA8B34A76E96EEEFEE,https://www.oorlogslevens.nl/location/Gouw/122/Q19202563,52.6421,5.0594,Gouw,Gouw/122/Q19202563
https://hdl.handle.net/21.12114/847AA6748B724DFA8B34A76E96EEEFEE,,J.D. (Jan Dirk) Osinga,1945,"De Gouw, hoek Nieuwsteeg, rechts de winkel van Botman en links S. I. de Vries",,Westfries Archief,https://hdl.handle.net/21.12114/847AA6748B724DFA8B34A76E96EEEFEE,,Bevrijdingsoptocht met een praalwagen van het Rode Kruis,"foto, negatief",Hoorn,,,,https://proxy.archieven.nl/thumb/136/847AA6748B724DFA8B34A76E96EEEFEE,https://www.oorlogslevens.nl/location/Nieuwsteeg/122/Q19355850,52.6413,5.0585,Nieuwsteeg,Nieuwsteeg/122/Q19355850
https://hdl.handle.net/21.12114/B4660F1F53854168A567FDE60D52AA8D,,J.D. (Jan Dirk) Osinga,,De KP van Hoorn brengt foute Nederlanders naar de Krententuin op het Oostereiland.,,Westfries Archief,https://hdl.handle.net/21.12114/B4660F1F53854168A567FDE60D52AA8D,,Arrestatie van foute Nederlanders,"foto, negatief",Hoorn,,,mei 1945,https://proxy.archieven.nl/thumb/136/B4660F1F53854168A567FDE60D52AA8D,https://www.oorlogslevens.nl/location/Krententuin/122/Q19314080,52.6357,5.0624,Krententuin,Krententuin/122/Q19314080
https://hdl.handle.net/21.12114/F0ED2E6E3DA149739D5ACB9662A43B97,,J.D. (Jan Dirk) Osinga,1940,Gevolg trouwerij bij ingang stadhuis aan de Nieuwstraat.,,Westfries Archief,https://hdl.handle.net/21.12114/F0ED2E6E3DA149739D5ACB9662A43B97,,Trouwdag echtpaar Soutendijk-Timmer,"foto, negatief",Hoorn,,,,https://proxy.archieven.nl/thumb/136/F0ED2E6E3DA149739D5ACB9662A43B97,https://www.oorlogslevens.nl/location/Nieuwstraat/122/Q19355971,52.6411,5.0599,Nieuwstraat,Nieuwstraat/122/Q19355971
https://hdl.handle.net/21.12114/8F51EFD21F394DCAACAEBD4FF68A69EF,,J.D. (Jan Dirk) Osinga,1941,Man en vrouw verlaten gearmd het stadhuis in de Nieuwstraat,,Westfries Archief,https://hdl.handle.net/21.12114/8F51EFD21F394DCAACAEBD4FF68A69EF,,Trouwdag van het echtpaar Bakker-Hofman,"foto, negatief",Hoorn,,,,https://proxy.archieven.nl/thumb/136/8F51EFD21F394DCAACAEBD4FF68A69EF,https://www.oorlogslevens.nl/location/Nieuwstraat/122/Q19355971,52.6411,5.0599,Nieuwstraat,Nieuwstraat/122/Q19355971
https://hdl.handle.net/21.12114/8338DC2FA0734B7EA0974D0598BE9D71,,J.D. (Jan Dirk) Osinga,,Kleine Noord 73,,Westfries Archief,https://hdl.handle.net/21.12114/8338DC2FA0734B7EA0974D0598BE9D71,,"Taxi, geparkeerd voor hotel Het Wapen van West-Friesland","foto, negatief",Hoorn,1945,1944,,https://proxy.archieven.nl/thumb/136/8338DC2FA0734B7EA0974D0598BE9D71,https://www.oorlogslevens.nl/location/Kleine-Noord/122/Q7478398,52.64330663,5.05319452,Kleine Noord,Kleine-Noord/122/Q7478398
https://hdl.handle.net/21.12114/28D16947BD524A3D8AB5AC9A024068F2,,J.D. (Jan Dirk) Osinga,1941,Lijkwagen bij de ingang van de begraafplaats aan het Keern.,,Westfries Archief,https://hdl.handle.net/21.12114/28D16947BD524A3D8AB5AC9A024068F2,,Begrafenis Hendrik Volger,"foto, negatief",Hoorn,,,,https://proxy.archieven.nl/thumb/136/28D16947BD524A3D8AB5AC9A024068F2,https://www.oorlogslevens.nl/location/Keern/122/Q19292986,52.646,5.0487,Keern,Keern/122/Q19292986
https://hdl.handle.net/21.12114/28D16947BD524A3D8AB5AC9A024068F2,,J.D. (Jan Dirk) Osinga,1941,Lijkwagen bij de ingang van de begraafplaats aan het Keern.,,Westfries Archief,https://hdl.handle.net/21.12114/28D16947BD524A3D8AB5AC9A024068F2,,Begrafenis Hendrik Volger,"foto, negatief",Hoorn,,,,https://proxy.archieven.nl/thumb/136/28D16947BD524A3D8AB5AC9A024068F2,https://www.oorlogslevens.nl/location/Keern/122/Q19292989,52.6624,5.0414,Keern,Keern/122/Q19292989
https://hdl.handle.net/21.12114/44166E82A8E94EF49FCC4F481B17384B,,J.D. (Jan Dirk) Osinga,,Parachutes op het erf van Arie Galis in Zwaagdijk.,,Westfries Archief,https://hdl.handle.net/21.12114/44166E82A8E94EF49FCC4F481B17384B,,"Droppingsveld ""Oliver"" in Zwaagdijk","foto, negatief",Zwaagdijk 265,,,mei 1945,https://proxy.archieven.nl/thumb/136/44166E82A8E94EF49FCC4F481B17384B,https://www.oorlogslevens.nl/location/Zwaagdijk/122/Q18959187,52.6703,5.0438,Zwaagdijk,Zwaagdijk/122/Q18959187
https://hdl.handle.net/21.12114/9C0C548734194672869D23E7D128BE76,,J.D. (Jan Dirk) Osinga,,In maart 1943 werden de klokken uit de Grote Kerk verwijderd.,,Westfries Archief,https://hdl.handle.net/21.12114/9C0C548734194672869D23E7D128BE76,,Klokkenvordering uit de Grote Kerk,"foto, negatief","Hoorn, Kerkplein",,,22 maart 1943,https://proxy.archieven.nl/thumb/136/9C0C548734194672869D23E7D128BE76,https://www.oorlogslevens.nl/location/Grote-Kerk/122/Q19215259,52.6405,5.0605,Grote Kerk,Grote-Kerk/122/Q19215259
https://hdl.handle.net/21.12114/2ABFA62F4C4947ABAEDD372E18C0DCB3,,J.D. (Jan Dirk) Osinga,,"Verzets en ontvangstgroep van het wapendroppingssveld ""Oliver"" in Zwaagdijk. Links met lange jas Klaas Snip (Grote Klaas), links knielend, Joop Leeuw.",,Westfries Archief,https://hdl.handle.net/21.12114/2ABFA62F4C4947ABAEDD372E18C0DCB3,,"Ontvangstgroep van het wapendroppingsveld ""Oliver"" in Zwaagdijk","foto, negatief",Hoorn,,,,https://proxy.archieven.nl/thumb/136/2ABFA62F4C4947ABAEDD372E18C0DCB3,https://www.oorlogslevens.nl/location/Zwaagdijk/122/Q18959187,52.6703,5.0438,Zwaagdijk,Zwaagdijk/122/Q18959187
https://hdl.handle.net/21.12114/3C74E0943C5D4B4D9192878F6E8225B1,,J.D. (Jan Dirk) Osinga,,Menigte kijkt richting Oostereiland (Krententuin),,Westfries Archief,https://hdl.handle.net/21.12114/3C74E0943C5D4B4D9192878F6E8225B1,,Opbrengen van Duitsgezinden,"foto, negatief","Hoorn, Achter op het Zand",,,Mei 1945,https://proxy.archieven.nl/thumb/136/3C74E0943C5D4B4D9192878F6E8225B1,https://www.oorlogslevens.nl/location/Krententuin/122/Q19314080,52.6357,5.0624,Krententuin,Krententuin/122/Q19314080
https://hdl.handle.net/21.12114/151F59B6AC954AE7A6F4977CFC496067,,J.D. (Jan Dirk) Osinga,1945,"Uitdeling van gratis melk bij melkfabriek 'Horna' aan het Jeudje. Lange rijen voor de melkfabriek. Man in witte overall is Piet Soeters, zoon van de directeur van 'Horna', die de emmers met melk vult. Man met bril is de heer Gras en man met snor is de heer Bakker.",,Westfries Archief,https://hdl.handle.net/21.12114/151F59B6AC954AE7A6F4977CFC496067,,Uitdelen van melk aan het Jeudje bij de Horna Melkfabriek,"foto, negatief",Hoorn,,,,https://proxy.archieven.nl/thumb/136/151F59B6AC954AE7A6F4977CFC496067,https://www.oorlogslevens.nl/location/Jeudje/122/Q19265278,52.642,5.0635,Jeudje,Jeudje/122/Q19265278
https://hdl.handle.net/21.12114/565EECD0EC1B482E9CE159A1184A14A3,,J.D. (Jan Dirk) Osinga,,"Verzets en ontvangstgroep van het wapendroppingsveld ""Oliver"" in Zwaagdijk. Links met lange jas Klaas Snip (Grote Klaas), links knielend, Joop Leeuw.",,Westfries Archief,https://hdl.handle.net/21.12114/565EECD0EC1B482E9CE159A1184A14A3,,"Ontvangstgroep van het wapendroppingsveld ""Oliver"" in Zwaagdijk","foto, negatief",Zwaagdijk 265,,,,https://proxy.archieven.nl/thumb/136/565EECD0EC1B482E9CE159A1184A14A3,https://www.oorlogslevens.nl/location/Zwaagdijk/122/Q18959187,52.6703,5.0438,Zwaagdijk,Zwaagdijk/122/Q18959187
https://hdl.handle.net/21.12114/F1EF6537F9944298AD42088663DAB185,,J.D. (Jan Dirk) Osinga,1941,Het bruidspaar verlaat het stadhuis aan de Nieuwstraat,,Westfries Archief,https://hdl.handle.net/21.12114/F1EF6537F9944298AD42088663DAB185,,Trouwdag echtpaar Krijger,"foto, negatief",Hoorn,,,,https://proxy.archieven.nl/thumb/136/F1EF6537F9944298AD42088663DAB185,https://www.oorlogslevens.nl/location/Nieuwstraat/122/Q19355971,52.6411,5.0599,Nieuwstraat,Nieuwstraat/122/Q19355971
https://hdl.handle.net/21.12114/FA17B549C02E4A75B1B6D83E384FD872,,J.D. (Jan Dirk) Osinga,1941,Kist met bloemen op de begraafplaats aan het Keern.,,Westfries Archief,https://hdl.handle.net/21.12114/FA17B549C02E4A75B1B6D83E384FD872,,Begrafenis Hendrik Volger,"foto, negatief",Hoorn,,,,https://proxy.archieven.nl/thumb/136/FA17B549C02E4A75B1B6D83E384FD872,https://www.oorlogslevens.nl/location/Keern/122/Q19292986,52.646,5.0487,Keern,Keern/122/Q19292986
https://hdl.handle.net/21.12114/FA17B549C02E4A75B1B6D83E384FD872,,J.D. (Jan Dirk) Osinga,1941,Kist met bloemen op de begraafplaats aan het Keern.,,Westfries Archief,https://hdl.handle.net/21.12114/FA17B549C02E4A75B1B6D83E384FD872,,Begrafenis Hendrik Volger,"foto, negatief",Hoorn,,,,https://proxy.archieven.nl/thumb/136/FA17B549C02E4A75B1B6D83E384FD872,https://www.oorlogslevens.nl/location/Keern/122/Q19292989,52.6624,5.0414,Keern,Keern/122/Q19292989
https://hdl.handle.net/21.12114/7A52B863AD224EA39BCEC73ADE6781F7,,J.D. (Jan Dirk) Osinga,1945,"Optocht in de Pakhuisstraat met voor op de praalwagen dames verkleed in ""Indonesische"" kleding.",,Westfries Archief,https://hdl.handle.net/21.12114/7A52B863AD224EA39BCEC73ADE6781F7,,"Bevrijdingsoptocht in de Pakhuisstraat met praalwagen ""Indonesië""","foto, negatief","Hoorn, Pakhuisstraat",,,,https://proxy.archieven.nl/thumb/136/7A52B863AD224EA39BCEC73ADE6781F7,https://www.oorlogslevens.nl/location/Pakhuisstraat/122/Q19404707,52.6426,5.063,Pakhuisstraat,Pakhuisstraat/122/Q19404707
https://hdl.handle.net/21.12114/1B105CC4B8664E2B8BFE4ACC49B17DCE,,J.D. (Jan Dirk) Osinga,,Bevrijdingsoptocht in de Pakhuisstraat. Op de achtergrond de Draafsingel.,,Westfries Archief,https://hdl.handle.net/21.12114/1B105CC4B8664E2B8BFE4ACC49B17DCE,,Bevrijdingsfeesten in Hoorn,"foto, negatief",Hoorn,,,ca. augustus 1945,https://proxy.archieven.nl/thumb/136/1B105CC4B8664E2B8BFE4ACC49B17DCE,https://www.oorlogslevens.nl/location/Draafsingel/122/Q2413404,52.6424,5.0667,Draafsingel,Draafsingel/122/Q2413404
https://hdl.handle.net/21.12114/1B105CC4B8664E2B8BFE4ACC49B17DCE,,J.D. (Jan Dirk) Osinga,,Bevrijdingsoptocht in de Pakhuisstraat. Op de achtergrond de Draafsingel.,,Westfries Archief,https://hdl.handle.net/21.12114/1B105CC4B8664E2B8BFE4ACC49B17DCE,,Bevrijdingsfeesten in Hoorn,"foto, negatief",Hoorn,,,ca. augustus 1945,https://proxy.archieven.nl/thumb/136/1B105CC4B8664E2B8BFE4ACC49B17DCE,https://www.oorlogslevens.nl/location/Pakhuisstraat/122/Q19404707,52.6426,5.063,Pakhuisstraat,Pakhuisstraat/122/Q19404707
https://hdl.handle.net/21.12114/E514111F009540FEBB187F30A5EA2AB6,,J.D. (Jan Dirk) Osinga,,"Het pand van ""Vrij Nederland""op het Grote Noord.",,Westfries Archief,https://hdl.handle.net/21.12114/E514111F009540FEBB187F30A5EA2AB6,,"Pand van ""Vrij Nederland"" op het Grote Noord","foto, negatief","Hoorn, Grote Noord 107",,,mei 1945,https://proxy.archieven.nl/thumb/136/E514111F009540FEBB187F30A5EA2AB6,https://www.oorlogslevens.nl/location/Grote-Noord/122/Q2492309,52.64095889,5.05673697,Grote Noord,Grote-Noord/122/Q2492309
https://hdl.handle.net/21.12114/AC182F6760704E53AAD28E700A507BB4,,J.D. (Jan Dirk) Osinga,1945,Praalwagen met het stadswapen van Hoorn. Optocht in de Pakhuisstraat met op de achtergrond het huis van de familie Welkers waar NSB-burgemeester J.P. Zondervan heeft gewoond.,,Westfries Archief,https://hdl.handle.net/21.12114/AC182F6760704E53AAD28E700A507BB4,,Bevrijdingsoptocht Pakhuisstraat,"foto, negatief","Hoorn, Pakhuisstraat",,,,https://proxy.archieven.nl/thumb/136/AC182F6760704E53AAD28E700A507BB4,https://www.oorlogslevens.nl/location/Pakhuisstraat/122/Q19404707,52.6426,5.063,Pakhuisstraat,Pakhuisstraat/122/Q19404707
https://hdl.handle.net/21.12114/1F7212737353472FB133D6E428403AA8,,J.D. (Jan Dirk) Osinga,1941,Omstanders bij het graf op de begraafplaats aan het Keern.,,Westfries Archief,https://hdl.handle.net/21.12114/1F7212737353472FB133D6E428403AA8,,Begrafenis Hendrik Volger,"foto, negatief",Hoorn,,,,https://proxy.archieven.nl/thumb/136/1F7212737353472FB133D6E428403AA8,https://www.oorlogslevens.nl/location/Keern/122/Q19292986,52.646,5.0487,Keern,Keern/122/Q19292986
https://hdl.handle.net/21.12114/1F7212737353472FB133D6E428403AA8,,J.D. (Jan Dirk) Osinga,1941,Omstanders bij het graf op de begraafplaats aan het Keern.,,Westfries Archief,https://hdl.handle.net/21.12114/1F7212737353472FB133D6E428403AA8,,Begrafenis Hendrik Volger,"foto, negatief",Hoorn,,,,https://proxy.archieven.nl/thumb/136/1F7212737353472FB133D6E428403AA8,https://www.oorlogslevens.nl/location/Keern/122/Q19292989,52.6624,5.0414,Keern,Keern/122/Q19292989
https://hdl.handle.net/21.12114/27014C8DDB9B400E9DE5B91BE079B5E5,,J.D. (Jan Dirk) Osinga,1945,"Links huizen aan de Lambert Meliszweg, op de achtergrond de schoorsteen van Trompetter en het torentje van de Nooderkerk.",,Westfries Archief,https://hdl.handle.net/21.12114/27014C8DDB9B400E9DE5B91BE079B5E5,,Witte Badhuis in de zomer van 1945,"foto, negatief",Hoorn,,,,https://proxy.archieven.nl/thumb/136/27014C8DDB9B400E9DE5B91BE079B5E5,https://www.oorlogslevens.nl/location/Lambert-Meliszweg/122/Q19317956,52.6427,5.0481,Lambert Meliszweg,Lambert-Meliszweg/122/Q19317956
https://hdl.handle.net/21.12114/8FCFE2FEC8774132A1962FABD13FBC30,,J.D. (Jan Dirk) Osinga,1945,Duitse vrachtwagen op het Grote Noord. De Foko (ijssalon van Fonk en Kolder) is Grote Noord 104 op de hoek van de Duinsteeg. De winkel van Feller (links) is Grote-Noord 106-108.,,Westfries Archief,https://hdl.handle.net/21.12114/8FCFE2FEC8774132A1962FABD13FBC30,,Duitsers op de Grote Noord,"foto, negatief",Hoorn,,,,https://proxy.archieven.nl/thumb/136/8FCFE2FEC8774132A1962FABD13FBC30,https://www.oorlogslevens.nl/location/Grote-Noord/122/Q2492309,52.64095889,5.05673697,Grote Noord,Grote-Noord/122/Q2492309
https://hdl.handle.net/21.12114/8FCFE2FEC8774132A1962FABD13FBC30,,J.D. (Jan Dirk) Osinga,1945,Duitse vrachtwagen op het Grote Noord. De Foko (ijssalon van Fonk en Kolder) is Grote Noord 104 op de hoek van de Duinsteeg. De winkel van Feller (links) is Grote-Noord 106-108.,,Westfries Archief,https://hdl.handle.net/21.12114/8FCFE2FEC8774132A1962FABD13FBC30,,Duitsers op de Grote Noord,"foto, negatief",Hoorn,,,,https://proxy.archieven.nl/thumb/136/8FCFE2FEC8774132A1962FABD13FBC30,https://www.oorlogslevens.nl/location/Duinsteeg/122/Q19057485,52.6419,5.0568,Duinsteeg,Duinsteeg/122/Q19057485
https://hdl.handle.net/21.12114/D5FBAA65FCEA4F50A29E3B4E4ED9FB40,,J.D. (Jan Dirk) Osinga,1940,Het rijtuig met het bruidspaar staat op het Grote Noord bij de katholieke kerk.,,Westfries Archief,https://hdl.handle.net/21.12114/D5FBAA65FCEA4F50A29E3B4E4ED9FB40,,Trouwdag echtpaar Wagenmaker-Eecken,"foto, negatief","Hoorn, Grote Noord",,,,https://proxy.archieven.nl/thumb/136/D5FBAA65FCEA4F50A29E3B4E4ED9FB40,https://www.oorlogslevens.nl/location/Grote-Noord/122/Q2492309,52.64095889,5.05673697,Grote Noord,Grote-Noord/122/Q2492309
https://hdl.handle.net/21.12114/AA0C9EC0B7AC47468F5D8D0DB8643AC1,,J.D. (Jan Dirk) Osinga,1941,Man en vrouw verlaten gearmd het stadhuis aan de Nieuwstraat. Veel publieke belangstelling.,,Westfries Archief,https://hdl.handle.net/21.12114/AA0C9EC0B7AC47468F5D8D0DB8643AC1,,Trouwdag echtpaar Bakker-Hofman,"foto, negatief",Hoorn,,,,https://proxy.archieven.nl/thumb/136/AA0C9EC0B7AC47468F5D8D0DB8643AC1,https://www.oorlogslevens.nl/location/Nieuwstraat/122/Q19355971,52.6411,5.0599,Nieuwstraat,Nieuwstraat/122/Q19355971
https://hdl.handle.net/21.12114/B2D0AD8529FC4906953F30881C9DAA29,,J.D. (Jan Dirk) Osinga,,"Henk Kleipoel met bril, jongen uiterst rechts is Piet Brand van de Appelhaven.",,Westfries Archief,https://hdl.handle.net/21.12114/B2D0AD8529FC4906953F30881C9DAA29,,Verzetsmensen voor het pand van Vrij Nederland op het Grote Noord,"foto, negatief",Hoorn,,,mei 1945,https://proxy.archieven.nl/thumb/136/B2D0AD8529FC4906953F30881C9DAA29,https://www.oorlogslevens.nl/location/Appelhaven/122/Q18939770,52.638613,5.061311,Appelhaven,Appelhaven/122/Q18939770
https://hdl.handle.net/21.12114/AA53E4A932094D508196FE2BE961D2F7,,J.D. (Jan Dirk) Osinga,1945,Dansende meisjes op de Gedempte Turfhaven ter hoogte van de Veemarkt.,,Westfries Archief,https://hdl.handle.net/21.12114/AA53E4A932094D508196FE2BE961D2F7,,Bevrijdingsfeesten,"foto, negatief",Hoorn,,,,https://proxy.archieven.nl/thumb/136/AA53E4A932094D508196FE2BE961D2F7,https://www.oorlogslevens.nl/location/Veemarkt/122/Q15883324,52.64339006,5.05434743,Veemarkt,Veemarkt/122/Q15883324
https://hdl.handle.net/21.12114/AA53E4A932094D508196FE2BE961D2F7,,J.D. (Jan Dirk) Osinga,1945,Dansende meisjes op de Gedempte Turfhaven ter hoogte van de Veemarkt.,,Westfries Archief,https://hdl.handle.net/21.12114/AA53E4A932094D508196FE2BE961D2F7,,Bevrijdingsfeesten,"foto, negatief",Hoorn,,,,https://proxy.archieven.nl/thumb/136/AA53E4A932094D508196FE2BE961D2F7,https://www.oorlogslevens.nl/location/Gedempte-Turfhaven/122/Q16069212,52.642608,5.05811244,Gedempte Turfhaven,Gedempte-Turfhaven/122/Q16069212
https://hdl.handle.net/21.12114/AA53E4A932094D508196FE2BE961D2F7,,J.D. (Jan Dirk) Osinga,1945,Dansende meisjes op de Gedempte Turfhaven ter hoogte van de Veemarkt.,,Westfries Archief,https://hdl.handle.net/21.12114/AA53E4A932094D508196FE2BE961D2F7,,Bevrijdingsfeesten,"foto, negatief",Hoorn,,,,https://proxy.archieven.nl/thumb/136/AA53E4A932094D508196FE2BE961D2F7,https://www.oorlogslevens.nl/location/Turfhaven/122/Q19574561,52.6415,5.0626,Turfhaven,Turfhaven/122/Q19574561
https://hdl.handle.net/21.12114/9941081A696C496E863712E9DE3F49B3,,J.D. (Jan Dirk) Osinga,1945,Mensen verkleed als Duitsers met de auto op de Pakhuisstraat.,,Westfries Archief,https://hdl.handle.net/21.12114/9941081A696C496E863712E9DE3F49B3,,Bevrijdingsoptocht,"foto, negatief",Hoorn,,,,https://proxy.archieven.nl/thumb/136/9941081A696C496E863712E9DE3F49B3,https://www.oorlogslevens.nl/location/Pakhuisstraat/122/Q19404707,52.6426,5.063,Pakhuisstraat,Pakhuisstraat/122/Q19404707
https://hdl.handle.net/21.12114/CEC8CB7EA83943338B9134DBF8EB306D,,J.D. (Jan Dirk) Osinga,1941,Familieleden van het bruidspaar bij het verlaten van het stadhuis aan de Nieuwstraat,,Westfries Archief,https://hdl.handle.net/21.12114/CEC8CB7EA83943338B9134DBF8EB306D,,Trouwdag echtpaar Krijger,"foto, negatief",Hoorn,,,,https://proxy.archieven.nl/thumb/136/CEC8CB7EA83943338B9134DBF8EB306D,https://www.oorlogslevens.nl/location/Nieuwstraat/122/Q19355971,52.6411,5.0599,Nieuwstraat,Nieuwstraat/122/Q19355971
https://hdl.handle.net/21.12114/15822DCD56094914AE86888B58074DEA,,J.D. (Jan Dirk) Osinga,1940,Bruidspaar bij ingang stadhuis aan de Nieuwstraat.,,Westfries Archief,https://hdl.handle.net/21.12114/15822DCD56094914AE86888B58074DEA,,Trouwdag echtpaar Soutendijk-Timmer,"foto, negatief","Hoorn, Nieuwstraat 23",,,,https://proxy.archieven.nl/thumb/136/15822DCD56094914AE86888B58074DEA,https://www.oorlogslevens.nl/location/Nieuwstraat/122/Q19355971,52.6411,5.0599,Nieuwstraat,Nieuwstraat/122/Q19355971
https://hdl.handle.net/21.12114/7B54E8C0A9F34527A5156A7942244303,,J.D. (Jan Dirk) Osinga,1945,B17's (Vliegende Forten) op weg om voedsel te droppen. Bomen zijn van de Westerdijk. Foto genomen richting het IJsselmeer.,,Westfries Archief,https://hdl.handle.net/21.12114/7B54E8C0A9F34527A5156A7942244303,,Voedseldropping,"foto, negatief",Hoorn,,,,https://proxy.archieven.nl/thumb/136/7B54E8C0A9F34527A5156A7942244303,https://www.oorlogslevens.nl/location/Westerdijk/122/Q19649997,52.6408,5.0547,Westerdijk,Westerdijk/122/Q19649997
https://hdl.handle.net/21.12114/75026314D3974D3A914AFB00346DFD45,,J.D. (Jan Dirk) Osinga,1941,Dragers met de kist op de begraafplaats aan het Keern.,,Westfries Archief,https://hdl.handle.net/21.12114/75026314D3974D3A914AFB00346DFD45,,Begrafenis Hendrik Volger,"foto, negatief",Hoorn,,,,https://proxy.archieven.nl/thumb/136/75026314D3974D3A914AFB00346DFD45,https://www.oorlogslevens.nl/location/Keern/122/Q19292986,52.646,5.0487,Keern,Keern/122/Q19292986
https://hdl.handle.net/21.12114/75026314D3974D3A914AFB00346DFD45,,J.D. (Jan Dirk) Osinga,1941,Dragers met de kist op de begraafplaats aan het Keern.,,Westfries Archief,https://hdl.handle.net/21.12114/75026314D3974D3A914AFB00346DFD45,,Begrafenis Hendrik Volger,"foto, negatief",Hoorn,,,,https://proxy.archieven.nl/thumb/136/75026314D3974D3A914AFB00346DFD45,https://www.oorlogslevens.nl/location/Keern/122/Q19292989,52.6624,5.0414,Keern,Keern/122/Q19292989
https://hdl.handle.net/21.12114/3A6EC556CB174E2BA909DC5CC5246377,,J.D. (Jan Dirk) Osinga,1945,Op de achtergrond de Draafsingel.,,Westfries Archief,https://hdl.handle.net/21.12114/3A6EC556CB174E2BA909DC5CC5246377,,Bevrijdingsoptocht passeert de Pakhuisstraat met praalwagen nummer 10,"foto, negatief","Hoorn, Pakhuisstraat",,,,https://proxy.archieven.nl/thumb/136/3A6EC556CB174E2BA909DC5CC5246377,https://www.oorlogslevens.nl/location/Draafsingel/122/Q2413404,52.6424,5.0667,Draafsingel,Draafsingel/122/Q2413404
https://hdl.handle.net/21.12114/DEFE3952EFFF41B7A2FA451E6BEF1F51,,J.D. (Jan Dirk) Osinga,,Boerderij van de familie Wiering in Zwaagdijk met op de voorgrond enkele parachutes afkomstig van de wapendroppings die plaatsvonden op het land van Arie Galis (achter Zwaagdijk 265). De man met de zwarte hoed is Jo Wiering.,,Westfries Archief,https://hdl.handle.net/21.12114/DEFE3952EFFF41B7A2FA451E6BEF1F51,,"Droppingsveld ""Oliver"", Zwaagdijk 265","foto, negatief",Zwaagdijk 265,,,mei 1945,https://proxy.archieven.nl/thumb/136/DEFE3952EFFF41B7A2FA451E6BEF1F51,https://www.oorlogslevens.nl/location/Zwaagdijk/122/Q18959187,52.6703,5.0438,Zwaagdijk,Zwaagdijk/122/Q18959187
https://hdl.handle.net/21.12114/28B34A55E8E641358A8E7F92A6404581,,J.D. (Jan Dirk) Osinga,1940,Familieleden stappen in rijtuig voor de katholieke pastorie aan het Grote Noord.,,Westfries Archief,https://hdl.handle.net/21.12114/28B34A55E8E641358A8E7F92A6404581,,Trouwdag echtpaar Wagenmaker-EeckenBruidspaar Wagenmaker-Eecken,"foto, negatief",Hoorn,,,,https://proxy.archieven.nl/thumb/136/28B34A55E8E641358A8E7F92A6404581,https://www.oorlogslevens.nl/location/Grote-Noord/122/Q2492309,52.64095889,5.05673697,Grote Noord,Grote-Noord/122/Q2492309
https://hdl.handle.net/21.12114/2DD4FDE511AC45D9927F330CFAB30081,,J.D. (Jan Dirk) Osinga,1945,"Praalwagen 15: ""Door hechte vriendschapsband bevrijden wij ook Nederland"". Op de achtergrond de Draafsingel, foto is genomen ter hoogte van de volière.",,Westfries Archief,https://hdl.handle.net/21.12114/2DD4FDE511AC45D9927F330CFAB30081,,Bevrijdingsoptocht Pakhuisstraat,"foto, negatief","Hoorn, Pakhuisstraat",,,,https://proxy.archieven.nl/thumb/136/2DD4FDE511AC45D9927F330CFAB30081,https://www.oorlogslevens.nl/location/Draafsingel/122/Q2413404,52.6424,5.0667,Draafsingel,Draafsingel/122/Q2413404
https://hdl.handle.net/21.12114/380342F568524B61855826E77DDAF0EC,,J.D. (Jan Dirk) Osinga,1940,Foto genomen op het Grote Noord bij de katholieke kerk.,,Westfries Archief,https://hdl.handle.net/21.12114/380342F568524B61855826E77DDAF0EC,,Trouwdag echtpaar Wagenmaker-Eecken,"foto, negatief",Hoorn,,,,https://proxy.archieven.nl/thumb/136/380342F568524B61855826E77DDAF0EC,https://www.oorlogslevens.nl/location/Grote-Noord/122/Q2492309,52.64095889,5.05673697,Grote Noord,Grote-Noord/122/Q2492309
https://hdl.handle.net/21.12114/17EF5B27D5384A579DC5A77C12D8AE89,,J.D. (Jan Dirk) Osinga,,De winkel het Breed - hoek Achterom. Bakker Bergsma woonde boven de winkel.,,Westfries Archief,https://hdl.handle.net/21.12114/17EF5B27D5384A579DC5A77C12D8AE89,,"Bakkerij ""De Drie Kronen""","foto, negatief","Hoorn, Breed",1943,1942,,https://proxy.archieven.nl/thumb/136/17EF5B27D5384A579DC5A77C12D8AE89,https://www.oorlogslevens.nl/location/Achterom/122/Q15964851,52.6395,5.0568,Achterom,Achterom/122/Q15964851
https://hdl.handle.net/21.12114/17EF5B27D5384A579DC5A77C12D8AE89,,J.D. (Jan Dirk) Osinga,,De winkel het Breed - hoek Achterom. Bakker Bergsma woonde boven de winkel.,,Westfries Archief,https://hdl.handle.net/21.12114/17EF5B27D5384A579DC5A77C12D8AE89,,"Bakkerij ""De Drie Kronen""","foto, negatief","Hoorn, Breed",1943,1942,,https://proxy.archieven.nl/thumb/136/17EF5B27D5384A579DC5A77C12D8AE89,https://www.oorlogslevens.nl/location/Breed/122/Q15991892,52.6422,5.0533,Breed,Breed/122/Q15991892
https://hdl.handle.net/21.12114/FE95AE3D42514BC49A3E6BFB19BE220A,,J.D. (Jan Dirk) Osinga,1941,Bruidspaar bij de toegangspoort bij het stadhuis aan de Nieuwstraat,,Westfries Archief,https://hdl.handle.net/21.12114/FE95AE3D42514BC49A3E6BFB19BE220A,,Burgerlijk huwelijk Wil Gromet,"foto, negatief",Hoorn,,,,https://proxy.archieven.nl/thumb/136/FE95AE3D42514BC49A3E6BFB19BE220A,https://www.oorlogslevens.nl/location/Nieuwstraat/122/Q19355971,52.6411,5.0599,Nieuwstraat,Nieuwstraat/122/Q19355971
https://hdl.handle.net/21.12114/FD0E028090FF4E9E8E4462DB7C04ECC3,,J.D. (Jan Dirk) Osinga,1945,Familie Keet staat met de dopeling voor de r.k. pastorie op het Grote Noord. Rechts deken Van der Meer.,,Westfries Archief,https://hdl.handle.net/21.12114/FD0E028090FF4E9E8E4462DB7C04ECC3,,Doopplechtigheid kindje Keet,"foto, negatief",Hoorn,,,,https://proxy.archieven.nl/thumb/136/FD0E028090FF4E9E8E4462DB7C04ECC3,https://www.oorlogslevens.nl/location/Grote-Noord/122/Q2492309,52.64095889,5.05673697,Grote Noord,Grote-Noord/122/Q2492309
https://hdl.handle.net/21.12114/31AECB3E4DB745E090FDD6CCF9184E46,,J.D. (Jan Dirk) Osinga,1945,Erepoort aan het begin van de Duinsteeg richting de Ramen. Op de hoek links cafe De Vier Winden. Links een meisje Tonnema.,,Westfries Archief,https://hdl.handle.net/21.12114/31AECB3E4DB745E090FDD6CCF9184E46,,Erepoort Duinsteeg,"foto, negatief",Hoorn,,,,https://proxy.archieven.nl/thumb/136/31AECB3E4DB745E090FDD6CCF9184E46,https://www.oorlogslevens.nl/location/Ramen/122/Q15943634,52.6419,5.0577,Ramen,Ramen/122/Q15943634
https://hdl.handle.net/21.12114/31AECB3E4DB745E090FDD6CCF9184E46,,J.D. (Jan Dirk) Osinga,1945,Erepoort aan het begin van de Duinsteeg richting de Ramen. Op de hoek links cafe De Vier Winden. Links een meisje Tonnema.,,Westfries Archief,https://hdl.handle.net/21.12114/31AECB3E4DB745E090FDD6CCF9184E46,,Erepoort Duinsteeg,"foto, negatief",Hoorn,,,,https://proxy.archieven.nl/thumb/136/31AECB3E4DB745E090FDD6CCF9184E46,https://www.oorlogslevens.nl/location/Duinsteeg/122/Q19057485,52.6419,5.0568,Duinsteeg,Duinsteeg/122/Q19057485
https://hdl.handle.net/21.12114/B3DFC08C2AC44CA7A2BFC772886B07F7,,J.D. (Jan Dirk) Osinga,1945,"Etalage van het pand van ""Vrij Nederland"" op het Grote Noord 107. Bij de radio ligt een papier met de tekst: ""Wist u dat Uw nieuws deze winter uit dit kistje is gekomen""",,Westfries Archief,https://hdl.handle.net/21.12114/B3DFC08C2AC44CA7A2BFC772886B07F7,,Radio uit het verzet,"foto, negatief","Hoorn, Grote Noord 107",,,,https://proxy.archieven.nl/thumb/136/B3DFC08C2AC44CA7A2BFC772886B07F7,https://www.oorlogslevens.nl/location/Grote-Noord/122/Q2492309,52.64095889,5.05673697,Grote Noord,Grote-Noord/122/Q2492309
https://hdl.handle.net/21.12114/B76C34AAC4934CA98B68B843B64DA1B6,,J.D. (Jan Dirk) Osinga,1945,Spoorbrug voor voetgangers en fietsers bij de spoorwegovergang over de Koepoortsweg. Rechts het nu verdwenen seinwachtershuisje.,,Westfries Archief,https://hdl.handle.net/21.12114/B76C34AAC4934CA98B68B843B64DA1B6,,Kinderen op goeddeels afgebroken voetgangersbrug over Koepoortsweg,"foto, negatief",Hoorn,,,,https://proxy.archieven.nl/thumb/136/B76C34AAC4934CA98B68B843B64DA1B6,https://www.oorlogslevens.nl/location/Koepoortsweg/122/Q19305621,52.6451,5.0579,Koepoortsweg,Koepoortsweg/122/Q19305621
https://hdl.handle.net/21.12114/5CA297CA982048A38946A2C4DD666A33,,J.D. (Jan Dirk) Osinga,,Feestvierende kinderen in de Merensstraat,,Westfries Archief,https://hdl.handle.net/21.12114/5CA297CA982048A38946A2C4DD666A33,,Bevrijdingsfeest in de Merensstraat,"foto, negatief",Hoorn,,,mei 1945,https://proxy.archieven.nl/thumb/136/5CA297CA982048A38946A2C4DD666A33,https://www.oorlogslevens.nl/location/Merensstraat/122/Q19344154,52.6455,5.0605,Merensstraat,Merensstraat/122/Q19344154
https://hdl.handle.net/21.12114/20D3D723FC304DD5830E3A0F2D2006FA,,J.D. (Jan Dirk) Osinga,1945,De burgemeester verlaat zijn huis aan de Draafsingel in Hoorn.,,Westfries Archief,https://hdl.handle.net/21.12114/20D3D723FC304DD5830E3A0F2D2006FA,,De arrestatie van NSB-burgemeester J.P. Zondervan,"foto, negatief",Hoorn,,,,https://proxy.archieven.nl/thumb/136/20D3D723FC304DD5830E3A0F2D2006FA,https://www.oorlogslevens.nl/location/Draafsingel/122/Q2413404,52.6424,5.0667,Draafsingel,Draafsingel/122/Q2413404
https://hdl.handle.net/21.12114/338AE915E66B41ADB45EA556E4A2663F,,J.D. (Jan Dirk) Osinga,1940,Bruidegom en bruid stappen in een auto voor het stadhuis aan de Nieuwstraat.,,Westfries Archief,https://hdl.handle.net/21.12114/338AE915E66B41ADB45EA556E4A2663F,,Trouwdag echtpaar Soutendijk-Timmer,"foto, negatief","Hoorn, Nieuwstraat",,,,https://proxy.archieven.nl/thumb/136/338AE915E66B41ADB45EA556E4A2663F,https://www.oorlogslevens.nl/location/Nieuwstraat/122/Q19355971,52.6411,5.0599,Nieuwstraat,Nieuwstraat/122/Q19355971
https://hdl.handle.net/21.12114/88EA6CB56FB74ACE9D867DEDA30594C1,,J.D. (Jan Dirk) Osinga,,Toeschouwers op het talud van het Achter op 't Zand tijdens het overbrengen van N.S.B.-ers naar de gevangenis op het Oostereiland,,Westfries Archief,https://hdl.handle.net/21.12114/88EA6CB56FB74ACE9D867DEDA30594C1,,Achter op 't Zand,"foto, negatief",Hoorn,,,mei 1945,https://proxy.archieven.nl/thumb/136/88EA6CB56FB74ACE9D867DEDA30594C1,https://www.oorlogslevens.nl/location/Achter-op-%27t-Zand/122/Q17488121,52.63677173,5.06046697,Achter op 't Zand,Achter-op-%27t-Zand/122/Q17488121
https://hdl.handle.net/21.12114/E6642229188840BC8D27B6310DF11F8B,,J.D. (Jan Dirk) Osinga,1941,Familieleden van het bruidspaar bij het verlaten van het stadhuis aan de Nieuwstraat,,Westfries Archief,https://hdl.handle.net/21.12114/E6642229188840BC8D27B6310DF11F8B,,Trouwdag echtpaar Krijger,"foto, negatief","Hoorn, Nieuwstraat 23",,,,https://proxy.archieven.nl/thumb/136/E6642229188840BC8D27B6310DF11F8B,https://www.oorlogslevens.nl/location/Nieuwstraat/122/Q19355971,52.6411,5.0599,Nieuwstraat,Nieuwstraat/122/Q19355971
https://hdl.handle.net/21.12114/F7751C54D0B141C4ACF4F8543E3FDB05,,J.D. (Jan Dirk) Osinga,1942,Ouder en twee kinderen zitten op een bankje voor de Parkzaal op de Westerdijk,,Westfries Archief,https://hdl.handle.net/21.12114/F7751C54D0B141C4ACF4F8543E3FDB05,,Gezin Jonkman,"foto, negatief",Hoorn,,,,https://proxy.archieven.nl/thumb/136/F7751C54D0B141C4ACF4F8543E3FDB05,https://www.oorlogslevens.nl/location/Westerdijk/122/Q19649997,52.6408,5.0547,Westerdijk,Westerdijk/122/Q19649997
https://hdl.handle.net/21.12114/4C37D71DC78945EE8C69D17F29315BFC,,J.D. (Jan Dirk) Osinga,1941,Geestelijke en omstanders bij het graf op de begraafplaats aan het Keern.,,Westfries Archief,https://hdl.handle.net/21.12114/4C37D71DC78945EE8C69D17F29315BFC,,Begrafenis Hendrik Volger,"foto, negatief",Hoorn,,,,https://proxy.archieven.nl/thumb/136/4C37D71DC78945EE8C69D17F29315BFC,https://www.oorlogslevens.nl/location/Keern/122/Q19292986,52.646,5.0487,Keern,Keern/122/Q19292986
https://hdl.handle.net/21.12114/4C37D71DC78945EE8C69D17F29315BFC,,J.D. (Jan Dirk) Osinga,1941,Geestelijke en omstanders bij het graf op de begraafplaats aan het Keern.,,Westfries Archief,https://hdl.handle.net/21.12114/4C37D71DC78945EE8C69D17F29315BFC,,Begrafenis Hendrik Volger,"foto, negatief",Hoorn,,,,https://proxy.archieven.nl/thumb/136/4C37D71DC78945EE8C69D17F29315BFC,https://www.oorlogslevens.nl/location/Keern/122/Q19292989,52.6624,5.0414,Keern,Keern/122/Q19292989
https://hdl.handle.net/21.12114/F12C6AEF36C040FDBBAA41BB46C58DD1,,J.D. (Jan Dirk) Osinga,,"Direct na de bevrijding vestigde het illegale blad ""Vrij Nederland"" zich in het pand aan het Grote Noord 107. In het midden Ab Vortman, rechts met bril Henk Kleipoel, op de voorgrond George Trigallez, alle drie lid van de Hoornse KP.",,Westfries Archief,https://hdl.handle.net/21.12114/F12C6AEF36C040FDBBAA41BB46C58DD1,,"Pand van ""Vrij Nederland""","foto, negatief",Hoorn,,,mei 1945,https://proxy.archieven.nl/thumb/136/F12C6AEF36C040FDBBAA41BB46C58DD1,https://www.oorlogslevens.nl/location/Grote-Noord/122/Q2492309,52.64095889,5.05673697,Grote Noord,Grote-Noord/122/Q2492309
https://hdl.handle.net/21.12114/DB970BA653F34727997DF4F577D473DF,,J.D. (Jan Dirk) Osinga,,Feestvierende kinderen op het Grote Noord.,,Westfries Archief,https://hdl.handle.net/21.12114/DB970BA653F34727997DF4F577D473DF,,Bevrijdingsoptocht Grote Noord,"foto, negatief","Hoorn, Grote Noord",,,mei 1945,https://proxy.archieven.nl/thumb/136/DB970BA653F34727997DF4F577D473DF,https://www.oorlogslevens.nl/location/Grote-Noord/122/Q2492309,52.64095889,5.05673697,Grote Noord,Grote-Noord/122/Q2492309
https://hdl.handle.net/21.12114/D67EF2874F0C45ACBF49AAA333B32F95,,J.D. (Jan Dirk) Osinga,1941,Bruidspaar bij het verlaten van het stadhuis aan de Nieuwstraat,,Westfries Archief,https://hdl.handle.net/21.12114/D67EF2874F0C45ACBF49AAA333B32F95,,Trouwdag echtpaar Roos,"foto, negatief","Hoorn, Nieuwstraat 23",,,,https://proxy.archieven.nl/thumb/136/D67EF2874F0C45ACBF49AAA333B32F95,https://www.oorlogslevens.nl/location/Nieuwstraat/122/Q19355971,52.6411,5.0599,Nieuwstraat,Nieuwstraat/122/Q19355971
https://hdl.handle.net/21.12114/97B104988A70421E81F6B81F9686E872,,J.D. (Jan Dirk) Osinga,,"De arrestatie van Mussert werd bekend gemaakt in de etalage van ""Vrij Nederland"" op het Grote Noord.",,Westfries Archief,https://hdl.handle.net/21.12114/97B104988A70421E81F6B81F9686E872,,Bekendmaking arrestatie Mussert,"foto, negatief",Hoorn,,,mei 1945,https://proxy.archieven.nl/thumb/136/97B104988A70421E81F6B81F9686E872,https://www.oorlogslevens.nl/location/Grote-Noord/122/Q2492309,52.64095889,5.05673697,Grote Noord,Grote-Noord/122/Q2492309
https://hdl.handle.net/21.12114/A9011AF3D96D44D1ADBE340C6D2A5305,,J.D. (Jan Dirk) Osinga,1940,Rechts de Grote Kerk (Kerkplein).,,Westfries Archief,https://hdl.handle.net/21.12114/A9011AF3D96D44D1ADBE340C6D2A5305,,"Bakker Jonkman met bakfiets van ""Westfriesche bakkerij"" met brood in mand","foto, negatief",Hoorn,,,,https://proxy.archieven.nl/thumb/136/A9011AF3D96D44D1ADBE340C6D2A5305,https://www.oorlogslevens.nl/location/Grote-Kerk/122/Q19215259,52.6405,5.0605,Grote Kerk,Grote-Kerk/122/Q19215259
https://hdl.handle.net/21.12114/A9011AF3D96D44D1ADBE340C6D2A5305,,J.D. (Jan Dirk) Osinga,1940,Rechts de Grote Kerk (Kerkplein).,,Westfries Archief,https://hdl.handle.net/21.12114/A9011AF3D96D44D1ADBE340C6D2A5305,,"Bakker Jonkman met bakfiets van ""Westfriesche bakkerij"" met brood in mand","foto, negatief",Hoorn,,,,https://proxy.archieven.nl/thumb/136/A9011AF3D96D44D1ADBE340C6D2A5305,https://www.oorlogslevens.nl/location/Kerkplein/122/Q19294746,52.640396,5.059869,Kerkplein,Kerkplein/122/Q19294746
https://hdl.handle.net/21.12114/76203959D5CC4F649C076701B05028AB,,J.D. (Jan Dirk) Osinga,,Dien van Dijk uit de Merensstraat (met lichte jas rechts van het reclamebord van Krom stomerij). Links van haar met donkere jas haar man Sietse van Dijk.,,Westfries Archief,https://hdl.handle.net/21.12114/76203959D5CC4F649C076701B05028AB,,Bevrijdingsoptocht Grote Noord,"foto, negatief","Hoorn, Grote Noord",,,mei 1945,https://proxy.archieven.nl/thumb/136/76203959D5CC4F649C076701B05028AB,https://www.oorlogslevens.nl/location/Merensstraat/122/Q19344154,52.6455,5.0605,Merensstraat,Merensstraat/122/Q19344154
https://hdl.handle.net/21.12114/F4D4EAEE21E343B49C2004BFFD7625F2,,J.D. (Jan Dirk) Osinga,1945,Meisjesgilde neemt deel aan optocht. Deze optocht komt vanaf het Grote Noord richting Rode Steen. Op de achtergrond de Winston-bioscoop die later door brand werd verwoest.,,Westfries Archief,https://hdl.handle.net/21.12114/F4D4EAEE21E343B49C2004BFFD7625F2,,Bevrijdingsfeesten,"foto, negatief",Hoorn,,,,https://proxy.archieven.nl/thumb/136/F4D4EAEE21E343B49C2004BFFD7625F2,https://www.oorlogslevens.nl/location/Grote-Noord/122/Q2492309,52.64095889,5.05673697,Grote Noord,Grote-Noord/122/Q2492309
https://hdl.handle.net/21.12114/0449DBA1A409468CA6FCFA49908ADE5C,,J.D. (Jan Dirk) Osinga,1941,Bruidspaar stapt in gereed staand rijtuig voor het stadhuis aan de Nieuwstraat,,Westfries Archief,https://hdl.handle.net/21.12114/0449DBA1A409468CA6FCFA49908ADE5C,,Burgerlijk huwelijk Wil Gromet,"foto, negatief",Hoorn,,,,https://proxy.archieven.nl/thumb/136/0449DBA1A409468CA6FCFA49908ADE5C,https://www.oorlogslevens.nl/location/Nieuwstraat/122/Q19355971,52.6411,5.0599,Nieuwstraat,Nieuwstraat/122/Q19355971
https://hdl.handle.net/21.12114/12FA2A91F2784C8992924BCDD143D57B,,J.D. (Jan Dirk) Osinga,1941,Aanwezigen bij de trouwerij stappen in een klaar staande auto voor het stadhuis aan de Nieuwstraat,,Westfries Archief,https://hdl.handle.net/21.12114/12FA2A91F2784C8992924BCDD143D57B,,Trouwdag echtpaar Groot,"foto, negatief",Hoorn,,,,https://proxy.archieven.nl/thumb/136/12FA2A91F2784C8992924BCDD143D57B,https://www.oorlogslevens.nl/location/Nieuwstraat/122/Q19355971,52.6411,5.0599,Nieuwstraat,Nieuwstraat/122/Q19355971
https://hdl.handle.net/21.12114/AA6B1360F571422FB9EE6050DB91D3F6,,J.D. (Jan Dirk) Osinga,1945,Militair wordt ontvangen door gemeentebestuur bij het toenmalige stadhuis aan de Nieuwstraat. De militair brengt een eregroet. In het midden BS-er H. de Flart.,,Westfries Archief,https://hdl.handle.net/21.12114/AA6B1360F571422FB9EE6050DB91D3F6,,Bevrijdingsfeest in de Nieuwstraat,"foto, negatief",Hoorn,,,,https://proxy.archieven.nl/thumb/136/AA6B1360F571422FB9EE6050DB91D3F6,https://www.oorlogslevens.nl/location/Nieuwstraat/122/Q19355971,52.6411,5.0599,Nieuwstraat,Nieuwstraat/122/Q19355971
https://hdl.handle.net/21.12114/89F5B131841C490E99FF1617F8DB719F,,J.D. (Jan Dirk) Osinga,1945,Onbekende rijdt verkleed als cowboy te paard over het Grote Noord.,,Westfries Archief,https://hdl.handle.net/21.12114/89F5B131841C490E99FF1617F8DB719F,,Bevrijdingsfeesten 1945,"foto, negatief","Hoorn, Grote Noord",,,,https://proxy.archieven.nl/thumb/136/89F5B131841C490E99FF1617F8DB719F,https://www.oorlogslevens.nl/location/Grote-Noord/122/Q2492309,52.64095889,5.05673697,Grote Noord,Grote-Noord/122/Q2492309
https://hdl.handle.net/21.12114/DA081EDC396A49B68029CEDD502A9AEA,,J.D. (Jan Dirk) Osinga,1945,"Bevrijdingsoptocht in de Pakhuisstraat met praalwagen ""Indonesië"". Voorop de praalwagen staan vrouwen in traditionele Indonesische kleding.",,Westfries Archief,https://hdl.handle.net/21.12114/DA081EDC396A49B68029CEDD502A9AEA,,Bevrijdingsoptocht Pakhuisstraat,"foto, negatief",Hoorn,,,,https://proxy.archieven.nl/thumb/136/DA081EDC396A49B68029CEDD502A9AEA,https://www.oorlogslevens.nl/location/Pakhuisstraat/122/Q19404707,52.6426,5.063,Pakhuisstraat,Pakhuisstraat/122/Q19404707
https://hdl.handle.net/21.12114/BF82126A8E9D4DF1B42E916567D4A6E2,,J.D. (Jan Dirk) Osinga,,"Het illegale blad ""Vrij Nederland"" vestigde zich direct na de bevrijding in het pand Grote Noord 107.",,Westfries Archief,https://hdl.handle.net/21.12114/BF82126A8E9D4DF1B42E916567D4A6E2,,"Pand van ""Vrij Nederland"" op het Grote Noord.","foto, negatief","Hoorn, Grote Noord, 107",,,mei 1945,https://proxy.archieven.nl/thumb/136/BF82126A8E9D4DF1B42E916567D4A6E2,https://www.oorlogslevens.nl/location/Grote-Noord/122/Q2492309,52.64095889,5.05673697,Grote Noord,Grote-Noord/122/Q2492309
https://hdl.handle.net/21.12114/81B06272EF7F469BA508EC4282BBD339,,J.D. (Jan Dirk) Osinga,1944,Delen van een vleugel kwamen neer achter de Tweeboomlaan. Zichtbaar (o.a. links op de foto) tussen de wrakstukken enkele rubber brandstoftanks en een wiel van het landingsgestel.,,Westfries Archief,https://hdl.handle.net/21.12114/81B06272EF7F469BA508EC4282BBD339,,Vleugelrestanten van één van de B17 bommenwerpers achter de Tweeboomlaan,"foto, negatief",Hoorn,,,,https://proxy.archieven.nl/thumb/136/81B06272EF7F469BA508EC4282BBD339,https://www.oorlogslevens.nl/location/Tweeboomlaan/122/Q19574932,52.6484,5.0592,Tweeboomlaan,Tweeboomlaan/122/Q19574932
https://hdl.handle.net/21.12114/C4F15DE08AAE40749205347D57873FB5,,J.D. (Jan Dirk) Osinga,,Ex- burgemeester Zondervan wordt uit huis gezet en naar de Krententuin gebracht.,,Westfries Archief,https://hdl.handle.net/21.12114/C4F15DE08AAE40749205347D57873FB5,,Arrestatie Zondervan,"foto, negatief",Hoorn,,,Mei 1945,https://proxy.archieven.nl/thumb/136/C4F15DE08AAE40749205347D57873FB5,https://www.oorlogslevens.nl/location/Krententuin/122/Q19314080,52.6357,5.0624,Krententuin,Krententuin/122/Q19314080
https://hdl.handle.net/21.12114/294AFB362E4E4102A0806732B37F4F18,,J.D. (Jan Dirk) Osinga,1941,Het bruidspaar verlaat het stadhuis aan de Nieuwstraat,,Westfries Archief,https://hdl.handle.net/21.12114/294AFB362E4E4102A0806732B37F4F18,,Trouwdag echtpaar Bakker-Hofman,"foto, negatief","Hoorn, Nieuwstraat 23",,,,https://proxy.archieven.nl/thumb/136/294AFB362E4E4102A0806732B37F4F18,https://www.oorlogslevens.nl/location/Nieuwstraat/122/Q19355971,52.6411,5.0599,Nieuwstraat,Nieuwstraat/122/Q19355971
https://hdl.handle.net/21.12114/19E21C99A050456593C7132A7521A62C,,J.D. (Jan Dirk) Osinga,1941,Bruidspaar bij het verlaten van het stadhuis aan de Nieuwstraat,,Westfries Archief,https://hdl.handle.net/21.12114/19E21C99A050456593C7132A7521A62C,,Trouwdag echtpaar Krijger,"foto, negatief",Hoorn,,,,https://proxy.archieven.nl/thumb/136/19E21C99A050456593C7132A7521A62C,https://www.oorlogslevens.nl/location/Nieuwstraat/122/Q19355971,52.6411,5.0599,Nieuwstraat,Nieuwstraat/122/Q19355971
https://hdl.handle.net/21.12114/902285F0F4C943628F6C51C5EE7496D7,,J.D. (Jan Dirk) Osinga,1945,"Parachutes in de boomgaard van Arie Galis. Op het droppingsveld ""Oliver"" in Zwaagdijk achter de boerderij (Zwaagdijk 265) werden circa 200 wapencontainers gedropt.",,Westfries Archief,https://hdl.handle.net/21.12114/902285F0F4C943628F6C51C5EE7496D7,,Boomgaard bij de boerderij van Arie Galis,"foto, negatief",Hoorn,,,,https://proxy.archieven.nl/thumb/136/902285F0F4C943628F6C51C5EE7496D7,https://www.oorlogslevens.nl/location/Zwaagdijk/122/Q18959187,52.6703,5.0438,Zwaagdijk,Zwaagdijk/122/Q18959187
https://hdl.handle.net/21.12114/42F2FB570BAC4C43B918A55AAB5DFF31,,J.D. (Jan Dirk) Osinga,,"Verwoeste woonhuizen van familie Godijn, Kramer en De Boer aan de Drieboomlaan",,Westfries Archief,https://hdl.handle.net/21.12114/42F2FB570BAC4C43B918A55AAB5DFF31,,Vliegtuigcrash Drieboomlaan,"foto, negatief","Hoorn, Drieboomlaan 37 - 41",,,7 juli 1944,https://proxy.archieven.nl/thumb/136/42F2FB570BAC4C43B918A55AAB5DFF31,https://www.oorlogslevens.nl/location/Drieboomlaan/122/Q19054025,52.6462,5.0602,Drieboomlaan,Drieboomlaan/122/Q19054025
https://hdl.handle.net/21.12114/2891CCAC516342B9B82A04461A07D82A,,J.D. (Jan Dirk) Osinga,1945,Dansende meisjes op de Gedempte Turfhaven aan de kop van de Veemarkt,,Westfries Archief,https://hdl.handle.net/21.12114/2891CCAC516342B9B82A04461A07D82A,,Bevrijdingsfeesten,"foto, negatief",Hoorn,,,,https://proxy.archieven.nl/thumb/136/2891CCAC516342B9B82A04461A07D82A,https://www.oorlogslevens.nl/location/Veemarkt/122/Q15883324,52.64339006,5.05434743,Veemarkt,Veemarkt/122/Q15883324
https://hdl.handle.net/21.12114/2891CCAC516342B9B82A04461A07D82A,,J.D. (Jan Dirk) Osinga,1945,Dansende meisjes op de Gedempte Turfhaven aan de kop van de Veemarkt,,Westfries Archief,https://hdl.handle.net/21.12114/2891CCAC516342B9B82A04461A07D82A,,Bevrijdingsfeesten,"foto, negatief",Hoorn,,,,https://proxy.archieven.nl/thumb/136/2891CCAC516342B9B82A04461A07D82A,https://www.oorlogslevens.nl/location/Gedempte-Turfhaven/122/Q16069212,52.642608,5.05811244,Gedempte Turfhaven,Gedempte-Turfhaven/122/Q16069212
https://hdl.handle.net/21.12114/2891CCAC516342B9B82A04461A07D82A,,J.D. (Jan Dirk) Osinga,1945,Dansende meisjes op de Gedempte Turfhaven aan de kop van de Veemarkt,,Westfries Archief,https://hdl.handle.net/21.12114/2891CCAC516342B9B82A04461A07D82A,,Bevrijdingsfeesten,"foto, negatief",Hoorn,,,,https://proxy.archieven.nl/thumb/136/2891CCAC516342B9B82A04461A07D82A,https://www.oorlogslevens.nl/location/Turfhaven/122/Q19574561,52.6415,5.0626,Turfhaven,Turfhaven/122/Q19574561
https://hdl.handle.net/21.12114/06E35BB6A854468897237BA7B4628C5A,,J.D. (Jan Dirk) Osinga,1945,Het VOC-gebouw (Muntstraat 6) was in gebruik als school.,,Westfries Archief,https://hdl.handle.net/21.12114/06E35BB6A854468897237BA7B4628C5A,,Straatversiering in de Muntstraat ter gelegenheid van de bevrijding,"foto, negatief","Hoorn, Muntstraat",,,,https://proxy.archieven.nl/thumb/136/06E35BB6A854468897237BA7B4628C5A,https://www.oorlogslevens.nl/location/Muntstraat/122/Q19351956,52.6416,5.061,Muntstraat,Muntstraat/122/Q19351956
https://hdl.handle.net/21.12114/47877A8364114D03B5A9326B69D0F595,,J.D. (Jan Dirk) Osinga,,N.S.B.-ers worden opgebracht naar Krententuin. Geheel rechts Joop Oosterwijk.,,Westfries Archief,https://hdl.handle.net/21.12114/47877A8364114D03B5A9326B69D0F595,,Foute Nederlanders worden opgebracht,"foto, negatief",Hoorn,,,mei 1945,https://proxy.archieven.nl/thumb/136/47877A8364114D03B5A9326B69D0F595,https://www.oorlogslevens.nl/location/Krententuin/122/Q19314080,52.6357,5.0624,Krententuin,Krententuin/122/Q19314080
https://hdl.handle.net/21.12114/E7647AB4EEF84D3C915F200727C9AF58,,J.D. (Jan Dirk) Osinga,,Het Kleine Oost versierd met slingers en parachutes,,Westfries Archief,https://hdl.handle.net/21.12114/E7647AB4EEF84D3C915F200727C9AF58,,Bevrijdingsfeest Kleine Oost,"foto, negatief",Hoorn,,,augustus-september 1945,https://proxy.archieven.nl/thumb/136/E7647AB4EEF84D3C915F200727C9AF58,https://www.oorlogslevens.nl/location/Kleine-Oost/122/Q19303456,52.6406,5.0683,Kleine Oost,Kleine-Oost/122/Q19303456
https://hdl.handle.net/21.12114/5C0E3458711946A3800E47F2A19F05E5,,J.D. (Jan Dirk) Osinga,1945,Burgemeester Leemhorst (met hoed) en echtgenote lopen door de poort van het stadhuis naar de Nieuwstraat,,Westfries Archief,https://hdl.handle.net/21.12114/5C0E3458711946A3800E47F2A19F05E5,,Burgemeester Leemhorst en echtgenote na de bevrijding,"foto, negatief",Hoorn,,,,https://proxy.archieven.nl/thumb/136/5C0E3458711946A3800E47F2A19F05E5,https://www.oorlogslevens.nl/location/Nieuwstraat/122/Q19355971,52.6411,5.0599,Nieuwstraat,Nieuwstraat/122/Q19355971
https://hdl.handle.net/21.12102/8BA416F9C3D572E3BF728EBFF0CC8240,"prentbriefkaarten van de Provinciale Atlas Noord-Holland, Collectie van",,1943,Gezicht op de Bangert,,Noord-Hollands Archief,https://hdl.handle.net/21.12102/8BA416F9C3D572E3BF728EBFF0CC8240,,Bangert-Blokker,Prentbriefkaart,Nederland,,,,https://proxy.archieven.nl/thumb/236/B33D2225E52245A09EAEFDF6A2D1AABD,https://www.oorlogslevens.nl/location/Bangert/122/Q18942153,52.6679,5.0898,Bangert,Bangert/122/Q18942153
https://hdl.handle.net/21.12102/8BA416F9C3D572E3BF728EBFF0CC8240,"prentbriefkaarten van de Provinciale Atlas Noord-Holland, Collectie van",,1943,Gezicht op de Bangert,,Noord-Hollands Archief,https://hdl.handle.net/21.12102/8BA416F9C3D572E3BF728EBFF0CC8240,,Bangert-Blokker,Prentbriefkaart,Nederland,,,,https://proxy.archieven.nl/thumb/236/B33D2225E52245A09EAEFDF6A2D1AABD,https://www.oorlogslevens.nl/location/Bangert/122/Q18942159,52.6683,5.0898,Bangert,Bangert/122/Q18942159
https://beeldbankwo2.nl/nl/beelden/detail/01b6ac96-025b-11e7-904b-d89d6717b464/media/7a4cfadd-944a-fd53-85c6-b70769d9fb71,Spaarnestad Photo,H.J.M. Valks,1944-06-26,"Tweede Wereldoorlog. Hoorn. Stadsbeeld Onder de Boompjes in Hoorn. Achtergrond Oost Indisch Pakhuis. Op de brug een Duitse militair, terwijl een melkboer met zijn kar de brug verlaat. 26 april 1944.",,"NIOD Instituut voor Oorlogs-, Holocaust- en Genocidestudies",https://beeldbankwo2.nl/nl/beelden/detail/01b6ac96-025b-11e7-904b-d89d6717b464/media/7a4cfadd-944a-fd53-85c6-b70769d9fb71,Straatbeelden,Tweede Wereldoorlog. Hoorn. Stadsbeeld Onder de Boompjes in Hoorn. Achtergrond Oost Indisch Pakhuis.,Foto,Noord-Holland,,,,https://images.memorix.nl/niod/thumb/1000x1000/7a4cfadd-944a-fd53-85c6-b70769d9fb71.jpg,https://www.oorlogslevens.nl/location/Onder-de-Boompjes/122/Q15885652,52.6424,5.061,Onder de Boompjes,Onder-de-Boompjes/122/Q15885652
https://beeldbankwo2.nl/nl/beelden/detail/01b709b6-025b-11e7-904b-d89d6717b464/media/616cf747-ad47-3321-cf4a-15647f700a2a,Spaarnestad Photo,H.J.M. Valks,1944-09-16,"Tweede Wereldoorlog. Hoorn. Stadsbeeld - Oude gevels, o.a. een trapgevel met versiering van schepen aan de Slapershaven in Hoorn. Het hoekhuis waarin een schilder/behanger is gevestigd, dateert uit 1612. Foto 16 september 1944.",,"NIOD Instituut voor Oorlogs-, Holocaust- en Genocidestudies",https://beeldbankwo2.nl/nl/beelden/detail/01b709b6-025b-11e7-904b-d89d6717b464/media/616cf747-ad47-3321-cf4a-15647f700a2a,Monumenten,"Tweede Wereldoorlog. Hoorn. Stadsbeeld - Oude gevels, o.a.",Foto,Noord-Holland,,,,https://images.memorix.nl/niod/thumb/1000x1000/616cf747-ad47-3321-cf4a-15647f700a2a.jpg,https://www.oorlogslevens.nl/location/Slapershaven/122/Q19517157,52.6398,5.0658,Slapershaven,Slapershaven/122/Q19517157
https://beeldbankwo2.nl/nl/beelden/detail/1bbb395a-025a-11e7-904b-d89d6717b464/media/b4d90e5c-770e-361b-2082-aaa63abbc50e,NIOD,,1941-03-31,Bomtrechter op Zwaagdijk. Deze foto is door mijn vader Jaap Wit van Zwaagdijk Oost gemaakt. De schaduw van zijn hoofd is links onderaan te zien We kijken hier naar de kerk van Zwaag gezien van wat nu ongeveer de Balkweiterhoek is.,,"NIOD Instituut voor Oorlogs-, Holocaust- en Genocidestudies",https://beeldbankwo2.nl/nl/beelden/detail/1bbb395a-025a-11e7-904b-d89d6717b464/media/b4d90e5c-770e-361b-2082-aaa63abbc50e,Verwoestingen,Bomtrechter op Zwaagdijk. Deze foto is door mijn vader Jaap Wit van Zwaagdijk Oost gemaakt.,Foto,Noord-Holland,,,,https://images.memorix.nl/niod/thumb/1000x1000/b4d90e5c-770e-361b-2082-aaa63abbc50e.jpg,https://www.oorlogslevens.nl/location/Zwaagdijk/122/Q18959187,52.6703,5.0438,Zwaagdijk,Zwaagdijk/122/Q18959187
https://beeldbankwo2.nl/nl/beelden/detail/64344168-025a-11e7-904b-d89d6717b464/media/3e2b5cfd-c866-9327-7359-79f161ef85c9,Verzetsmuseum Amsterdam,,,"Bloemenhulde met krans met opschrift 'voor hen die voor onze vrijheid vielen' in het centrum van Hoorn, bij de Grote Kerk op het Kerkplein.",,"NIOD Instituut voor Oorlogs-, Holocaust- en Genocidestudies",https://beeldbankwo2.nl/nl/beelden/detail/64344168-025a-11e7-904b-d89d6717b464/media/3e2b5cfd-c866-9327-7359-79f161ef85c9,Bevrijding,"Bloemenhulde met krans met opschrift 'voor hen die voor onze vrijheid vielen' in het centrum van Hoorn, bij de Grote Ker...",Foto,Hoorn,,,mei 1945,https://images.memorix.nl/niod/thumb/1000x1000/3e2b5cfd-c866-9327-7359-79f161ef85c9.jpg,https://www.oorlogslevens.nl/location/Grote-Kerk/122/Q19215259,52.6405,5.0605,Grote Kerk,Grote-Kerk/122/Q19215259
https://beeldbankwo2.nl/nl/beelden/detail/64344168-025a-11e7-904b-d89d6717b464/media/3e2b5cfd-c866-9327-7359-79f161ef85c9,Verzetsmuseum Amsterdam,,,"Bloemenhulde met krans met opschrift 'voor hen die voor onze vrijheid vielen' in het centrum van Hoorn, bij de Grote Kerk op het Kerkplein.",,"NIOD Instituut voor Oorlogs-, Holocaust- en Genocidestudies",https://beeldbankwo2.nl/nl/beelden/detail/64344168-025a-11e7-904b-d89d6717b464/media/3e2b5cfd-c866-9327-7359-79f161ef85c9,Bevrijding,"Bloemenhulde met krans met opschrift 'voor hen die voor onze vrijheid vielen' in het centrum van Hoorn, bij de Grote Ker...",Foto,Hoorn,,,mei 1945,https://images.memorix.nl/niod/thumb/1000x1000/3e2b5cfd-c866-9327-7359-79f161ef85c9.jpg,https://www.oorlogslevens.nl/location/Kerkplein/122/Q19294746,52.640396,5.059869,Kerkplein,Kerkplein/122/Q19294746
https://beeldbankwo2.nl/nl/beelden/detail/742240f2-025a-11e7-904b-d89d6717b464/media/6d589078-fbf2-1a3a-af82-198bcb726ca8,Verzetsmuseum Friesland,,,"De begrafenisstoet van Burgemeester Schottee de Vries passeert de overweg aan het Keern te Hoorn. Het witte huis op de achtergrond met de naam 'Even Buiten', staat aan het Keern, hoek Van Dedemstraat. De molen 'De Vergulde Korenaer' is op 22 april 1950 afgebrand.",,"NIOD Instituut voor Oorlogs-, Holocaust- en Genocidestudies",https://beeldbankwo2.nl/nl/beelden/detail/742240f2-025a-11e7-904b-d89d6717b464/media/6d589078-fbf2-1a3a-af82-198bcb726ca8,Nationale Jeugdstorm,De begrafenisstoet van Burgemeester Schottee de Vries passeert de overweg aan het Keern te Hoorn.,Foto,Hoorn,1945,1940,,https://images.memorix.nl/niod/thumb/1000x1000/6d589078-fbf2-1a3a-af82-198bcb726ca8.jpg,https://www.oorlogslevens.nl/location/Keern/122/Q19292986,52.646,5.0487,Keern,Keern/122/Q19292986
https://beeldbankwo2.nl/nl/beelden/detail/742240f2-025a-11e7-904b-d89d6717b464/media/6d589078-fbf2-1a3a-af82-198bcb726ca8,Verzetsmuseum Friesland,,,"De begrafenisstoet van Burgemeester Schottee de Vries passeert de overweg aan het Keern te Hoorn. Het witte huis op de achtergrond met de naam 'Even Buiten', staat aan het Keern, hoek Van Dedemstraat. De molen 'De Vergulde Korenaer' is op 22 april 1950 afgebrand.",,"NIOD Instituut voor Oorlogs-, Holocaust- en Genocidestudies",https://beeldbankwo2.nl/nl/beelden/detail/742240f2-025a-11e7-904b-d89d6717b464/media/6d589078-fbf2-1a3a-af82-198bcb726ca8,Nationale Jeugdstorm,De begrafenisstoet van Burgemeester Schottee de Vries passeert de overweg aan het Keern te Hoorn.,Foto,Hoorn,1945,1940,,https://images.memorix.nl/niod/thumb/1000x1000/6d589078-fbf2-1a3a-af82-198bcb726ca8.jpg,https://www.oorlogslevens.nl/location/Keern/122/Q19292989,52.6624,5.0414,Keern,Keern/122/Q19292989
https://beeldbankwo2.nl/nl/beelden/detail/79164360-025a-11e7-904b-d89d6717b464/media/eb7cd8bf-a398-843d-3214-52592c0aaffc,Verzetsmuseum Zuid-Holland,,,"Op 28 augustus 1939 wordt de mobilisatie afgekondigd. De Nederlandse regering riep de lichtingen 1924 tot en met 1938 onder de wapenen. De mobilisatie was een onzekere periode voor de Nederlandse Strijdkrachten. Deze eindigde op 10 mei 1940 toen de Duitse Strijdkrachten Nederland binnen vielen. Na een strijd van 4 dagen en het bombardement op Rotterdam, tekende generaal Winkelman op 15 mei 1940 de capitulatie. Hier marcheert een peloton soldaten, met daarvoor een muziekkorps, over de Gedempte Turfhaven in Hoorn. Op de achtergrond ziet men het bejaardenhuis 'Het Sint Pietershof' in het Dal. Op het naambord, dat op één van de huizen is bevestigd, is de naam Paauw te onderscheiden. Hier was een accountantskantoor met die naam gevestigd.",,"NIOD Instituut voor Oorlogs-, Holocaust- en Genocidestudies",https://beeldbankwo2.nl/nl/beelden/detail/79164360-025a-11e7-904b-d89d6717b464/media/eb7cd8bf-a398-843d-3214-52592c0aaffc,Muziek,Op 28 augustus 1939 wordt de mobilisatie afgekondigd.,Foto,Hoorn,,,28 augustus 1939 - 10 mei 1940,https://images.memorix.nl/niod/thumb/1000x1000/eb7cd8bf-a398-843d-3214-52592c0aaffc.jpg,https://www.oorlogslevens.nl/location/Gedempte-Turfhaven/122/Q16069212,52.642608,5.05811244,Gedempte Turfhaven,Gedempte-Turfhaven/122/Q16069212
https://beeldbankwo2.nl/nl/beelden/detail/79164360-025a-11e7-904b-d89d6717b464/media/eb7cd8bf-a398-843d-3214-52592c0aaffc,Verzetsmuseum Zuid-Holland,,,"Op 28 augustus 1939 wordt de mobilisatie afgekondigd. De Nederlandse regering riep de lichtingen 1924 tot en met 1938 onder de wapenen. De mobilisatie was een onzekere periode voor de Nederlandse Strijdkrachten. Deze eindigde op 10 mei 1940 toen de Duitse Strijdkrachten Nederland binnen vielen. Na een strijd van 4 dagen en het bombardement op Rotterdam, tekende generaal Winkelman op 15 mei 1940 de capitulatie. Hier marcheert een peloton soldaten, met daarvoor een muziekkorps, over de Gedempte Turfhaven in Hoorn. Op de achtergrond ziet men het bejaardenhuis 'Het Sint Pietershof' in het Dal. Op het naambord, dat op één van de huizen is bevestigd, is de naam Paauw te onderscheiden. Hier was een accountantskantoor met die naam gevestigd.",,"NIOD Instituut voor Oorlogs-, Holocaust- en Genocidestudies",https://beeldbankwo2.nl/nl/beelden/detail/79164360-025a-11e7-904b-d89d6717b464/media/eb7cd8bf-a398-843d-3214-52592c0aaffc,Muziek,Op 28 augustus 1939 wordt de mobilisatie afgekondigd.,Foto,Hoorn,,,28 augustus 1939 - 10 mei 1940,https://images.memorix.nl/niod/thumb/1000x1000/eb7cd8bf-a398-843d-3214-52592c0aaffc.jpg,https://www.oorlogslevens.nl/location/Dal/122/Q19002226,52.6432,5.0567,Dal,Dal/122/Q19002226
https://beeldbankwo2.nl/nl/beelden/detail/79164360-025a-11e7-904b-d89d6717b464/media/eb7cd8bf-a398-843d-3214-52592c0aaffc,Verzetsmuseum Zuid-Holland,,,"Op 28 augustus 1939 wordt de mobilisatie afgekondigd. De Nederlandse regering riep de lichtingen 1924 tot en met 1938 onder de wapenen. De mobilisatie was een onzekere periode voor de Nederlandse Strijdkrachten. Deze eindigde op 10 mei 1940 toen de Duitse Strijdkrachten Nederland binnen vielen. Na een strijd van 4 dagen en het bombardement op Rotterdam, tekende generaal Winkelman op 15 mei 1940 de capitulatie. Hier marcheert een peloton soldaten, met daarvoor een muziekkorps, over de Gedempte Turfhaven in Hoorn. Op de achtergrond ziet men het bejaardenhuis 'Het Sint Pietershof' in het Dal. Op het naambord, dat op één van de huizen is bevestigd, is de naam Paauw te onderscheiden. Hier was een accountantskantoor met die naam gevestigd.",,"NIOD Instituut voor Oorlogs-, Holocaust- en Genocidestudies",https://beeldbankwo2.nl/nl/beelden/detail/79164360-025a-11e7-904b-d89d6717b464/media/eb7cd8bf-a398-843d-3214-52592c0aaffc,Muziek,Op 28 augustus 1939 wordt de mobilisatie afgekondigd.,Foto,Hoorn,,,28 augustus 1939 - 10 mei 1940,https://images.memorix.nl/niod/thumb/1000x1000/eb7cd8bf-a398-843d-3214-52592c0aaffc.jpg,https://www.oorlogslevens.nl/location/Turfhaven/122/Q19574561,52.6415,5.0626,Turfhaven,Turfhaven/122/Q19574561
https://beeldbankwo2.nl/nl/beelden/detail/76d3b434-025a-11e7-904b-d89d6717b464/media/075d22c6-91fa-c396-65e4-1d0446f9a1fe,Verzetsmuseum Friesland,,,Op het schoolplein van de Mariaschool aan de Eikstraat 3 in Hoorn wordt het appel afgenomen. De militairen staan keurig in gelid.,,"NIOD Instituut voor Oorlogs-, Holocaust- en Genocidestudies",https://beeldbankwo2.nl/nl/beelden/detail/76d3b434-025a-11e7-904b-d89d6717b464/media/075d22c6-91fa-c396-65e4-1d0446f9a1fe,Mobilisatie,Op het schoolplein van de Mariaschool aan de Eikstraat 3 in Hoorn wordt het appel afgenomen.,Foto,Hoorn,,,Voorjaar 1940,https://images.memorix.nl/niod/thumb/1000x1000/075d22c6-91fa-c396-65e4-1d0446f9a1fe.jpg,https://www.oorlogslevens.nl/location/Eikstraat/122/Q19115706,52.6448,5.065,Eikstraat,Eikstraat/122/Q19115706
https://beeldbankwo2.nl/nl/beelden/detail/791cf110-025a-11e7-904b-d89d6717b464/media/05073c4b-11a5-9bcd-dada-19313da8971f,Verzetsmuseum Friesland,,,"Op 28 augustus 1939 riep de Nederlandse regering de lichtingen 1924 tot en met 1938 onder de wapenen. De mobilisatie was een onzekere periode voor de Nederlandse Strijdkrachten. Deze eindigde op 10 mei 1940 toen de Duitse Strijdkrachten Nederland binnen vielen. Na een strijd van 4 dagen en het bombardement op Rotterdam, tekende generaal Winkelman op 15 mei 1940 de capitulatie. Hier marcheert een peleton Nederlandse soldaten in de Achterstraat te Hoorn. Op de achtergrond ziet men 'Hotel de Doelen'. Het gebouw staat er nog wel maar is niet meer als zodanig in gebruik.",,"NIOD Instituut voor Oorlogs-, Holocaust- en Genocidestudies",https://beeldbankwo2.nl/nl/beelden/detail/791cf110-025a-11e7-904b-d89d6717b464/media/05073c4b-11a5-9bcd-dada-19313da8971f,Horeca,Op 28 augustus 1939 riep de Nederlandse regering de lichtingen 1924 tot en met 1938 onder de wapenen.,Foto,Hoorn,,,28 augustus 1939 - 10 mei 1940,https://images.memorix.nl/niod/thumb/1000x1000/05073c4b-11a5-9bcd-dada-19313da8971f.jpg,https://www.oorlogslevens.nl/location/Achterstraat/122/Q18931271,52.6431,5.0597,Achterstraat,Achterstraat/122/Q18931271
https://beeldbankwo2.nl/nl/beelden/detail/79221fbe-025a-11e7-904b-d89d6717b464/media/a7fc063c-e99d-dee6-d6b3-36b745b60e4e,Verzetsmuseum Friesland,,,"Op 28 augustus 1939 riep de Nederlandse regering de lichtingen 1924 tot en met 1938 onder de wapenen. De mobilisatie was een onzekere periode voor de Nederlandse Strijdkrachten. Deze eindigde op 10 mei 1940 toen de Duitse Strijdkrachten Nederland binnen vielen. Na een strijd van 4 dagen en het bombardement op Rotterdam, tekende generaal Winkelman op 15 mei 1940 de capitulatie. Deze opname is gemaakt op het kerkplein te Hoorn. Rechts ziet men het oude St. Jansgasthuis. Aan de linkerkant , niet zichtbaar, staat de Grote Kerk.",,"NIOD Instituut voor Oorlogs-, Holocaust- en Genocidestudies",https://beeldbankwo2.nl/nl/beelden/detail/79221fbe-025a-11e7-904b-d89d6717b464/media/a7fc063c-e99d-dee6-d6b3-36b745b60e4e,Nederlandse strijdkrachten,Op 28 augustus 1939 riep de Nederlandse regering de lichtingen 1924 tot en met 1938 onder de wapenen.,Foto,Noord-Holland,,,Tussen 28 augustus 1939 en 10 mei 1940,https://images.memorix.nl/niod/thumb/1000x1000/a7fc063c-e99d-dee6-d6b3-36b745b60e4e.jpg,https://www.oorlogslevens.nl/location/Grote-Kerk/122/Q19215259,52.6405,5.0605,Grote Kerk,Grote-Kerk/122/Q19215259
